"celltype_clean","celltype.l3","celltype.l1","TP","FP","FN","TN","Mean_Z","n","Accuracy","Balanced_Accuracy","Method","Signature","Ext","Mode"
"B-cells","B intermediate kappa","B",0,0,0,36,-0.662949458621276,36,1,0.499999986111112,"AUCell","REACTOME",TRUE,"youden_dual"
"B-cells","B intermediate lambda","B",0,0,0,166,-0.333966505287999,166,1,0.499999996987952,"AUCell","REACTOME",TRUE,"youden_dual"
"B-cells","B memory kappa","B",0,0,1,44,-0.595391756457632,45,0.977777777777778,0.499999988636364,"AUCell","REACTOME",TRUE,"youden_dual"
"B-cells","B memory lambda","B",0,0,0,34,-0.69655966624066,34,1,0.499999985294118,"AUCell","REACTOME",TRUE,"youden_dual"
"B-cells","B naive kappa","B",0,0,1,247,-0.73273522732586,248,0.995967741935484,0.499999997975708,"AUCell","REACTOME",TRUE,"youden_dual"
"B-cells","B naive lambda","B",0,0,0,20,-0.84394998443103,20,1,0.499999975000001,"AUCell","REACTOME",TRUE,"youden_dual"
"B-cells","Plasma","B",0,0,0,1,-0.666601952159044,1,1,0.4999995000005,"AUCell","REACTOME",TRUE,"youden_dual"
"Classical-Monocytes","CD14 Mono","Mono",31728,168,1402,19,0.972507422304682,33317,0.952876909685746,0.529643068422304,"AUCell","REACTOME",TRUE,"youden_dual"
"Classical-Monocytes","CD16 Mono","Mono",484,6,2,0,1.44718640430431,492,0.983739837398374,0.497942385806703,"AUCell","REACTOME",TRUE,"youden_dual"
"Classical-Monocytes","Doublet","other",138,0,2,0,1.20136074344365,140,0.985714285714286,0.492857139336735,"AUCell","REACTOME",TRUE,"youden_dual"
"Classical-Monocytes","Eryth","other",8,0,3,0,0.464915398325841,11,0.727272727272727,0.363636330578515,"AUCell","REACTOME",TRUE,"youden_dual"
"Classical-Monocytes","HSPC","other",0,0,1,0,-0.781897207729915,1,0,0,"AUCell","REACTOME",TRUE,"youden_dual"
"Classical-Monocytes","Platelet","other",19,0,43,0,5.81176415230301,62,0.306451612903226,0.153225803980229,"AUCell","REACTOME",TRUE,"youden_dual"
"Classical-Monocytes","cDC1","DC",0,0,3,0,0.0405583959510403,3,0,0,"AUCell","REACTOME",TRUE,"youden_dual"
"Classical-Monocytes","cDC2_1","DC",147,0,18,0,0.885498808446649,165,0.890909090909091,0.445454542754821,"AUCell","REACTOME",TRUE,"youden_dual"
"Classical-Monocytes","cDC2_2","DC",27,0,17,0,0.49165721765684,44,0.613636363636364,0.306818174845041,"AUCell","REACTOME",TRUE,"youden_dual"
"Classical-Monocytes","pDC","DC",1,0,4,0,0.467787342275358,5,0.2,0.099999980000004,"AUCell","REACTOME",TRUE,"youden_dual"
"DCs","ASDC_mDC","DC",0,1,0,0,0.597778513021719,1,0,0,"AUCell","REACTOME",TRUE,"youden_dual"
"DCs","CD14 Mono","Mono",94,7,14,2,0.827138786662475,117,0.82051282051282,0.546296279921126,"AUCell","REACTOME",TRUE,"youden_dual"
"DCs","CD16 Mono","Mono",64,5,1,0,1.54591193045341,70,0.914285714285714,0.492307684733728,"AUCell","REACTOME",TRUE,"youden_dual"
"DCs","CD4 CTL","CD4 T",0,0,3,2,-0.475965960400668,5,0.4,0.499999750000125,"AUCell","REACTOME",TRUE,"youden_dual"
"DCs","CD4 Naive","CD4 T",0,0,19,21,-0.965423929667582,40,0.525,0.499999976190477,"AUCell","REACTOME",TRUE,"youden_dual"
"DCs","CD4 TCM_1","CD4 T",0,0,14,15,-0.868979173334227,29,0.517241379310345,0.499999966666669,"AUCell","REACTOME",TRUE,"youden_dual"
"DCs","CD4 TCM_2","CD4 T",0,0,3,2,0.100727855671743,5,0.4,0.499999750000125,"AUCell","REACTOME",TRUE,"youden_dual"
"DCs","CD4 TCM_3","CD4 T",0,0,17,5,-0.689031460854292,22,0.227272727272727,0.49999990000002,"AUCell","REACTOME",TRUE,"youden_dual"
"DCs","CD4 TEM_1","CD4 T",0,0,1,2,-0.616165313453688,3,0.666666666666667,0.499999750000125,"AUCell","REACTOME",TRUE,"youden_dual"
"DCs","CD4 TEM_3","CD4 T",0,0,5,3,-0.604875482785017,8,0.375,0.499999833333389,"AUCell","REACTOME",TRUE,"youden_dual"
"DCs","CD8 Naive","CD8 T",0,0,29,15,-0.995430744955725,44,0.340909090909091,0.499999966666669,"AUCell","REACTOME",TRUE,"youden_dual"
"DCs","CD8 Naive_2","CD8 T",0,0,0,1,-0.856585329263246,1,1,0.4999995000005,"AUCell","REACTOME",TRUE,"youden_dual"
"DCs","CD8 Proliferating","CD8 T",0,0,1,0,-0.767515514424953,1,0,0,"AUCell","REACTOME",TRUE,"youden_dual"
"DCs","CD8 TCM_1","CD8 T",0,0,0,2,-1.13412783913589,2,1,0.499999750000125,"AUCell","REACTOME",TRUE,"youden_dual"
"DCs","CD8 TCM_2","CD8 T",0,0,2,2,-0.637989633756105,4,0.5,0.499999750000125,"AUCell","REACTOME",TRUE,"youden_dual"
"DCs","CD8 TCM_3","CD8 T",0,0,2,1,-0.737624151869542,3,0.333333333333333,0.4999995000005,"AUCell","REACTOME",TRUE,"youden_dual"
"DCs","CD8 TEM_1","CD8 T",0,0,7,2,-0.432721511176299,9,0.222222222222222,0.499999750000125,"AUCell","REACTOME",TRUE,"youden_dual"
"DCs","CD8 TEM_2","CD8 T",0,0,2,0,-0.726001971145504,2,0,0,"AUCell","REACTOME",TRUE,"youden_dual"
"DCs","CD8 TEM_4","CD8 T",0,0,2,5,0.118728279969166,7,0.714285714285714,0.49999990000002,"AUCell","REACTOME",TRUE,"youden_dual"
"DCs","CD8 TEM_5","CD8 T",0,0,1,0,-0.146202192737484,1,0,0,"AUCell","REACTOME",TRUE,"youden_dual"
"DCs","Doublet","other",14,0,2,1,2.30836114344516,17,0.882352941176471,0.937499472656752,"AUCell","REACTOME",TRUE,"youden_dual"
"DCs","HSPC","other",0,0,1,0,-0.652461967985258,1,0,0,"AUCell","REACTOME",TRUE,"youden_dual"
"DCs","MAIT","other T",0,0,3,0,-0.969423208667162,3,0,0,"AUCell","REACTOME",TRUE,"youden_dual"
"DCs","NK Proliferating","NK",1,0,0,0,0.470156091760881,1,1,0.4999995000005,"AUCell","REACTOME",TRUE,"youden_dual"
"DCs","NK_1","NK",0,0,0,1,0.680443035883853,1,1,0.4999995000005,"AUCell","REACTOME",TRUE,"youden_dual"
"DCs","NK_2","NK",0,0,1,0,0.0836631910107298,1,0,0,"AUCell","REACTOME",TRUE,"youden_dual"
"DCs","NK_CD56bright","NK",0,0,0,1,-0.155507994287753,1,1,0.4999995000005,"AUCell","REACTOME",TRUE,"youden_dual"
"DCs","Platelet","other",2,0,18,2,5.3799442328314,22,0.181818181818182,0.549999747500125,"AUCell","REACTOME",TRUE,"youden_dual"
"DCs","Treg Memory","CD4 T",0,0,2,0,-0.997078761759197,2,0,0,"AUCell","REACTOME",TRUE,"youden_dual"
"DCs","Treg Naive","CD4 T",0,0,3,1,-0.813077685651597,4,0.25,0.4999995000005,"AUCell","REACTOME",TRUE,"youden_dual"
"DCs","cDC2_1","DC",15,0,1,0,0.68516391735213,16,0.9375,0.468749970703127,"AUCell","REACTOME",TRUE,"youden_dual"
"DCs","cDC2_2","DC",32,7,6,6,0.580851764747317,51,0.745098039215686,0.651821833516368,"AUCell","REACTOME",TRUE,"youden_dual"
"DCs","gdT_1","other T",0,0,1,0,-0.0941138749690923,1,0,0,"AUCell","REACTOME",TRUE,"youden_dual"
"DCs","gdT_2","other T",0,0,0,2,-0.512270671903277,2,1,0.499999750000125,"AUCell","REACTOME",TRUE,"youden_dual"
"DCs","gdT_3","other T",0,0,0,1,-0.83954483551535,1,1,0.4999995000005,"AUCell","REACTOME",TRUE,"youden_dual"
"DCs","gdT_4","other T",0,0,1,0,0.579529473617944,1,0,0,"AUCell","REACTOME",TRUE,"youden_dual"
"DCs","pDC","DC",1,0,2,0,0.556204542459476,3,0.333333333333333,0.16666661111113,"AUCell","REACTOME",TRUE,"youden_dual"
"Early-NK-cells","CD16 Mono","Mono",1,4,0,1,1.5399405639175,6,0.333333333333333,0.599999480000504,"AUCell","REACTOME",TRUE,"youden_dual"
"Early-NK-cells","CD4 Naive","CD4 T",0,0,0,1,-1.13358399359075,1,1,0.4999995000005,"AUCell","REACTOME",TRUE,"youden_dual"
"Early-NK-cells","CD4 TCM_1","CD4 T",0,0,0,1,-1.05152374355655,1,1,0.4999995000005,"AUCell","REACTOME",TRUE,"youden_dual"
"Early-NK-cells","CD8 TEM_1","CD8 T",0,0,1,0,-0.303071418870597,1,0,0,"AUCell","REACTOME",TRUE,"youden_dual"
"Early-NK-cells","CD8 TEM_2","CD8 T",0,0,0,2,0.476621811019834,2,1,0.499999750000125,"AUCell","REACTOME",TRUE,"youden_dual"
"Early-NK-cells","CD8 TEM_4","CD8 T",0,0,0,5,0.0387294635251433,5,1,0.49999990000002,"AUCell","REACTOME",TRUE,"youden_dual"
"Early-NK-cells","CD8 TEM_5","CD8 T",0,1,1,15,-0.0707036347055041,17,0.882352941176471,0.468749970703127,"AUCell","REACTOME",TRUE,"youden_dual"
"Early-NK-cells","NK Proliferating","NK",0,9,0,21,0.181853497065391,30,0.7,0.349999988333334,"AUCell","REACTOME",TRUE,"youden_dual"
"Early-NK-cells","NK_1","NK",2,191,10,529,0.161292602278964,732,0.725409836065574,0.450694436989777,"AUCell","REACTOME",TRUE,"youden_dual"
"Early-NK-cells","NK_2","NK",1,93,3,191,0.176278073106269,288,0.666666666666667,0.46126757319977,"AUCell","REACTOME",TRUE,"youden_dual"
"Early-NK-cells","NK_3","NK",0,3,1,36,-0.00262696881904117,40,0.9,0.461538449704142,"AUCell","REACTOME",TRUE,"youden_dual"
"Early-NK-cells","NK_4","NK",0,0,0,19,0.0580611054059217,19,1,0.499999973684212,"AUCell","REACTOME",TRUE,"youden_dual"
"Early-NK-cells","NK_CD56bright","NK",0,0,0,1,0.0148969431912067,1,1,0.4999995000005,"AUCell","REACTOME",TRUE,"youden_dual"
"Early-NK-cells","cDC2_2","DC",0,0,0,1,0.83187380656551,1,1,0.4999995000005,"AUCell","REACTOME",TRUE,"youden_dual"
"Early-NK-cells","gdT_2","other T",0,0,0,1,-0.10644104065906,1,1,0.4999995000005,"AUCell","REACTOME",TRUE,"youden_dual"
"Early-NK-cells","pDC","DC",0,1,0,0,0.527682864980728,1,0,0,"AUCell","REACTOME",TRUE,"youden_dual"
"Intermediate-Monocytes","CD14 Mono","Mono",571,14,42,2,0.988658492143998,629,0.910969793322735,0.528242246557466,"AUCell","REACTOME",TRUE,"youden_dual"
"Intermediate-Monocytes","CD16 Mono","Mono",2090,32,17,1,1.64072252271487,2140,0.977102803738318,0.511117342648731,"AUCell","REACTOME",TRUE,"youden_dual"
"Intermediate-Monocytes","Doublet","other",129,0,1,0,2.63421141059624,130,0.992307692307692,0.496153842337278,"AUCell","REACTOME",TRUE,"youden_dual"
"Intermediate-Monocytes","Platelet","other",2,0,2,0,4.47162054473534,4,0.5,0.249999937500016,"AUCell","REACTOME",TRUE,"youden_dual"
"Late-NK-cells","ASDC_mDC","DC",0,13,0,4,0.851267409796323,17,0.235294117647059,0.117647051903115,"AUCell","REACTOME",TRUE,"youden_dual"
"Late-NK-cells","ASDC_pDC","DC",2,3,1,4,0.616946047123962,10,0.6,0.619047467120224,"AUCell","REACTOME",TRUE,"youden_dual"
"Late-NK-cells","B intermediate kappa","B",0,0,0,4,-0.363982119926906,4,1,0.499999875000031,"AUCell","REACTOME",TRUE,"youden_dual"
"Late-NK-cells","B intermediate lambda","B",0,0,0,2,-0.207656739338939,2,1,0.499999750000125,"AUCell","REACTOME",TRUE,"youden_dual"
"Late-NK-cells","B memory kappa","B",0,0,0,3,-0.444712969739633,3,1,0.499999833333389,"AUCell","REACTOME",TRUE,"youden_dual"
"Late-NK-cells","B memory lambda","B",0,0,0,1,-0.913991247917506,1,1,0.4999995000005,"AUCell","REACTOME",TRUE,"youden_dual"
"Late-NK-cells","B naive kappa","B",0,0,0,1,-1.31547011480056,1,1,0.4999995000005,"AUCell","REACTOME",TRUE,"youden_dual"
"Late-NK-cells","CD14 Mono","Mono",2,3,0,1,0.948458177502651,6,0.5,0.624999718750133,"AUCell","REACTOME",TRUE,"youden_dual"
"Late-NK-cells","CD16 Mono","Mono",621,710,14,35,1.70308897291486,1380,0.47536231884058,0.51246631003709,"AUCell","REACTOME",TRUE,"youden_dual"
"Late-NK-cells","CD4 CTL","CD4 T",0,0,0,2,-0.558437115957861,2,1,0.499999750000125,"AUCell","REACTOME",TRUE,"youden_dual"
"Late-NK-cells","CD4 Naive","CD4 T",0,0,0,84,-0.952843113264363,84,1,0.499999994047619,"AUCell","REACTOME",TRUE,"youden_dual"
"Late-NK-cells","CD4 Proliferating","CD4 T",0,0,0,1,-0.0839620914597079,1,1,0.4999995000005,"AUCell","REACTOME",TRUE,"youden_dual"
"Late-NK-cells","CD4 TCM_1","CD4 T",0,0,0,5,-0.87024189517468,5,1,0.49999990000002,"AUCell","REACTOME",TRUE,"youden_dual"
"Late-NK-cells","CD4 TEM_2","CD4 T",0,0,0,1,-1.54050131592526,1,1,0.4999995000005,"AUCell","REACTOME",TRUE,"youden_dual"
"Late-NK-cells","CD8 Naive","CD8 T",0,0,1,258,-0.837502440018909,259,0.996138996138996,0.499999998062016,"AUCell","REACTOME",TRUE,"youden_dual"
"Late-NK-cells","CD8 Naive_2","CD8 T",0,0,1,2,-0.235473431851757,3,0.666666666666667,0.499999750000125,"AUCell","REACTOME",TRUE,"youden_dual"
"Late-NK-cells","CD8 Proliferating","CD8 T",0,0,0,2,0.2679664035323,2,1,0.499999750000125,"AUCell","REACTOME",TRUE,"youden_dual"
"Late-NK-cells","CD8 TCM_1","CD8 T",0,0,0,5,-0.532235846138401,5,1,0.49999990000002,"AUCell","REACTOME",TRUE,"youden_dual"
"Late-NK-cells","CD8 TCM_2","CD8 T",0,0,0,9,-0.623134593402591,9,1,0.499999944444451,"AUCell","REACTOME",TRUE,"youden_dual"
"Late-NK-cells","CD8 TEM_1","CD8 T",0,0,0,37,-0.417207123879746,37,1,0.499999986486487,"AUCell","REACTOME",TRUE,"youden_dual"
"Late-NK-cells","CD8 TEM_2","CD8 T",0,3,0,71,-0.0377270542733042,74,0.959459459459459,0.479729723246896,"AUCell","REACTOME",TRUE,"youden_dual"
"Late-NK-cells","CD8 TEM_3","CD8 T",0,0,0,9,-0.222461423623458,9,1,0.499999944444451,"AUCell","REACTOME",TRUE,"youden_dual"
"Late-NK-cells","CD8 TEM_4","CD8 T",0,1,1,38,-0.0353302142671309,40,0.95,0.487179474687706,"AUCell","REACTOME",TRUE,"youden_dual"
"Late-NK-cells","CD8 TEM_5","CD8 T",0,4,2,46,-0.129684627398382,52,0.884615384615385,0.4599999908,"AUCell","REACTOME",TRUE,"youden_dual"
"Late-NK-cells","CD8 TEM_6","CD8 T",0,0,0,81,-0.51503540659506,81,1,0.499999993827161,"AUCell","REACTOME",TRUE,"youden_dual"
"Late-NK-cells","Doublet","other",17,0,0,0,2.64647667249967,17,1,0.499999970588237,"AUCell","REACTOME",TRUE,"youden_dual"
"Late-NK-cells","HSPC","other",0,0,1,30,-0.629308572339238,31,0.967741935483871,0.499999983333334,"AUCell","REACTOME",TRUE,"youden_dual"
"Late-NK-cells","ILC","other",0,0,1,89,-0.406243618684493,90,0.988888888888889,0.499999994382023,"AUCell","REACTOME",TRUE,"youden_dual"
"Late-NK-cells","MAIT","other T",0,0,1,11,-0.601290130672575,12,0.916666666666667,0.499999954545459,"AUCell","REACTOME",TRUE,"youden_dual"
"Late-NK-cells","NK Proliferating","NK",1,91,6,302,0.182380523683492,400,0.7575,0.455652478821886,"AUCell","REACTOME",TRUE,"youden_dual"
"Late-NK-cells","NK_1","NK",6,706,18,1981,0.120604923317628,2711,0.732939874585024,0.493626715904943,"AUCell","REACTOME",TRUE,"youden_dual"
"Late-NK-cells","NK_2","NK",34,3023,53,5565,0.20434277869158,8675,0.645417867435158,0.519400899268288,"AUCell","REACTOME",TRUE,"youden_dual"
"Late-NK-cells","NK_3","NK",1,372,7,1524,0.0886526311276436,1904,0.800945378151261,0.464398726152744,"AUCell","REACTOME",TRUE,"youden_dual"
"Late-NK-cells","NK_4","NK",5,200,6,1070,0.0557313517396757,1281,0.839188134270102,0.648532548799556,"AUCell","REACTOME",TRUE,"youden_dual"
"Late-NK-cells","NK_CD56bright","NK",0,20,8,626,-0.144539241306711,654,0.957186544342508,0.484520123088978,"AUCell","REACTOME",TRUE,"youden_dual"
"Late-NK-cells","Platelet","other",3,0,5,2,2.03260017205112,10,0.5,0.687499726562628,"AUCell","REACTOME",TRUE,"youden_dual"
"Late-NK-cells","Treg Memory","CD4 T",0,0,0,4,-0.999616707636543,4,1,0.499999875000031,"AUCell","REACTOME",TRUE,"youden_dual"
"Late-NK-cells","Treg Naive","CD4 T",0,0,0,11,-1.00703827664151,11,1,0.499999954545459,"AUCell","REACTOME",TRUE,"youden_dual"
"Late-NK-cells","cDC1","DC",0,0,7,2,0.099052005695591,9,0.222222222222222,0.499999750000125,"AUCell","REACTOME",TRUE,"youden_dual"
"Late-NK-cells","cDC2_1","DC",2,1,1,0,0.944963466314401,4,0.5,0.333333222222259,"AUCell","REACTOME",TRUE,"youden_dual"
"Late-NK-cells","cDC2_2","DC",29,73,22,40,0.449296151589557,164,0.420731707317073,0.461304868791602,"AUCell","REACTOME",TRUE,"youden_dual"
"Late-NK-cells","dnT_1","other T",0,0,0,5,-0.386968658301727,5,1,0.49999990000002,"AUCell","REACTOME",TRUE,"youden_dual"
"Late-NK-cells","dnT_2","other T",0,0,0,5,-0.457958630128068,5,1,0.49999990000002,"AUCell","REACTOME",TRUE,"youden_dual"
"Late-NK-cells","gdT_1","other T",0,0,0,1,-0.0187006260422337,1,1,0.4999995000005,"AUCell","REACTOME",TRUE,"youden_dual"
"Late-NK-cells","gdT_2","other T",0,0,0,9,-0.26110802804146,9,1,0.499999944444451,"AUCell","REACTOME",TRUE,"youden_dual"
"Late-NK-cells","gdT_3","other T",0,0,0,82,-0.753119082758334,82,1,0.499999993902439,"AUCell","REACTOME",TRUE,"youden_dual"
"Late-NK-cells","gdT_4","other T",0,0,0,11,0.15843920677358,11,1,0.499999954545459,"AUCell","REACTOME",TRUE,"youden_dual"
"Late-NK-cells","pDC","DC",82,36,268,155,0.36031537579807,541,0.438077634011091,0.522902016987435,"AUCell","REACTOME",TRUE,"youden_dual"
"Monocytes","ASDC_mDC","DC",2,0,1,1,0.998502038869847,4,0.75,0.833332722222759,"AUCell","REACTOME",TRUE,"youden_dual"
"Monocytes","CD14 Mono","Mono",280,0,26,1,0.924280703333733,307,0.915309446254072,0.95751583837463,"AUCell","REACTOME",TRUE,"youden_dual"
"Monocytes","CD16 Mono","Mono",70,5,1,1,1.46707598605671,77,0.922077922077922,0.576291058980253,"AUCell","REACTOME",TRUE,"youden_dual"
"Monocytes","CD4 TEM_1","CD4 T",0,0,1,0,-0.586717084305432,1,0,0,"AUCell","REACTOME",TRUE,"youden_dual"
"Monocytes","Doublet","other",3,0,0,0,2.22415868699348,3,1,0.499999833333389,"AUCell","REACTOME",TRUE,"youden_dual"
"Monocytes","HSPC","other",0,0,28,0,-0.713156857317303,28,0,0,"AUCell","REACTOME",TRUE,"youden_dual"
"Monocytes","NK Proliferating","NK",0,0,2,0,0.2769700686686,2,0,0,"AUCell","REACTOME",TRUE,"youden_dual"
"Monocytes","NK_1","NK",0,0,1,0,-1.15872174323303,1,0,0,"AUCell","REACTOME",TRUE,"youden_dual"
"Monocytes","NK_2","NK",1,0,2,0,0.191787742356717,3,0.333333333333333,0.16666661111113,"AUCell","REACTOME",TRUE,"youden_dual"
"Monocytes","NK_4","NK",0,0,2,0,0.172974714980199,2,0,0,"AUCell","REACTOME",TRUE,"youden_dual"
"Monocytes","NK_CD56bright","NK",0,0,4,0,0.0645983832892363,4,0,0,"AUCell","REACTOME",TRUE,"youden_dual"
"Monocytes","Platelet","other",1,0,13,0,6.34868617886749,14,0.0714285714285714,0.0357142831632655,"AUCell","REACTOME",TRUE,"youden_dual"
"Monocytes","cDC1","DC",1,0,14,0,0.236616729218795,15,0.0666666666666667,0.0333333311111113,"AUCell","REACTOME",TRUE,"youden_dual"
"Monocytes","cDC2_1","DC",293,0,40,0,0.764695362723305,333,0.87987987987988,0.439939938618799,"AUCell","REACTOME",TRUE,"youden_dual"
"Monocytes","cDC2_2","DC",853,1,336,0,0.540293581886764,1190,0.716806722689076,0.358704793642805,"AUCell","REACTOME",TRUE,"youden_dual"
"Monocytes","pDC","DC",0,0,2,0,1.14180534001572,2,0,0,"AUCell","REACTOME",TRUE,"youden_dual"
"NK-cells","NK_1","NK",0,1,0,0,0.660743741693022,1,0,0,"AUCell","REACTOME",TRUE,"youden_dual"
"Naive-B-cells","B intermediate kappa","B",0,0,0,371,-0.797920373153468,371,1,0.499999998652291,"AUCell","REACTOME",TRUE,"youden_dual"
"Naive-B-cells","B intermediate lambda","B",0,0,0,534,-0.68555439229287,534,1,0.49999999906367,"AUCell","REACTOME",TRUE,"youden_dual"
"Naive-B-cells","B memory kappa","B",0,0,0,398,-0.755256063730277,398,1,0.499999998743719,"AUCell","REACTOME",TRUE,"youden_dual"
"Naive-B-cells","B memory lambda","B",0,0,0,254,-0.822414414551328,254,1,0.499999998031496,"AUCell","REACTOME",TRUE,"youden_dual"
"Naive-B-cells","B naive kappa","B",0,0,0,4247,-0.934443727566772,4247,1,0.49999999988227,"AUCell","REACTOME",TRUE,"youden_dual"
"Naive-B-cells","B naive lambda","B",0,0,0,2733,-0.884883118463336,2733,1,0.499999999817051,"AUCell","REACTOME",TRUE,"youden_dual"
"Naive-B-cells","CD14 Mono","Mono",0,3,0,0,0.841340747536563,3,0,0,"AUCell","REACTOME",TRUE,"youden_dual"
"Naive-B-cells","CD16 Mono","Mono",0,1,0,0,1.14935875036496,1,0,0,"AUCell","REACTOME",TRUE,"youden_dual"
"Naive-B-cells","Doublet","other",0,1,0,0,4.26450603295905,1,0,0,"AUCell","REACTOME",TRUE,"youden_dual"
"Naive-B-cells","NK Proliferating","NK",0,0,0,1,0.35486083619001,1,1,0.4999995000005,"AUCell","REACTOME",TRUE,"youden_dual"
"Naive-B-cells","NK_1","NK",0,3,0,15,0.124713458455425,18,0.833333333333333,0.41666664351852,"AUCell","REACTOME",TRUE,"youden_dual"
"Naive-B-cells","NK_2","NK",0,2,0,1,0.184737892697423,3,0.333333333333333,0.16666661111113,"AUCell","REACTOME",TRUE,"youden_dual"
"Naive-B-cells","NK_3","NK",0,1,0,0,0.390029514776094,1,0,0,"AUCell","REACTOME",TRUE,"youden_dual"
"Naive-B-cells","NK_4","NK",0,1,0,2,-0.189870975769917,3,0.666666666666667,0.333333222222259,"AUCell","REACTOME",TRUE,"youden_dual"
"Naive-B-cells","NK_CD56bright","NK",0,0,0,1,0.0215439442985416,1,1,0.4999995000005,"AUCell","REACTOME",TRUE,"youden_dual"
"Naive-B-cells","Platelet","other",0,0,0,4,2.15230057653767,4,1,0.499999875000031,"AUCell","REACTOME",TRUE,"youden_dual"
"Naive-B-cells","cDC2_2","DC",0,0,0,1,0.865833939495713,1,1,0.4999995000005,"AUCell","REACTOME",TRUE,"youden_dual"
"Naive-B-cells","gdT_4","other T",0,0,0,1,-0.0967726754120264,1,1,0.4999995000005,"AUCell","REACTOME",TRUE,"youden_dual"
"Neutrophils","CD14 Mono","Mono",186,73,18,10,0.766049756828783,287,0.682926829268293,0.516123313836086,"AUCell","REACTOME",TRUE,"youden_dual"
"Neutrophils","Doublet","other",2,0,2,0,0.210016639332895,4,0.5,0.249999937500016,"AUCell","REACTOME",TRUE,"youden_dual"
"Neutrophils","NK_1","NK",0,1,0,0,1.29390081080811,1,0,0,"AUCell","REACTOME",TRUE,"youden_dual"
"Neutrophils","NK_2","NK",0,2,0,1,0.257250632050171,3,0.333333333333333,0.16666661111113,"AUCell","REACTOME",TRUE,"youden_dual"
"Neutrophils","NK_3","NK",0,1,0,0,0.579771182749119,1,0,0,"AUCell","REACTOME",TRUE,"youden_dual"
"Neutrophils","Platelet","other",0,0,1,0,6.48327500258757,1,0,0,"AUCell","REACTOME",TRUE,"youden_dual"
"Non-classical-Monocytes","CD14 Mono","Mono",6,3,0,0,1.21102143538493,9,0.666666666666667,0.499999916666681,"AUCell","REACTOME",TRUE,"youden_dual"
"Non-classical-Monocytes","CD16 Mono","Mono",1195,170,17,3,1.75864577751203,1385,0.864981949458484,0.501657318454208,"AUCell","REACTOME",TRUE,"youden_dual"
"Non-classical-Monocytes","Doublet","other",51,0,1,0,2.71390709457218,52,0.980769230769231,0.490384605954142,"AUCell","REACTOME",TRUE,"youden_dual"
"Non-classical-Monocytes","NK Proliferating","NK",0,0,0,1,0.288028261419894,1,1,0.4999995000005,"AUCell","REACTOME",TRUE,"youden_dual"
"Non-classical-Monocytes","NK_1","NK",0,1,0,1,-0.15774380375113,2,0.5,0.249999875000062,"AUCell","REACTOME",TRUE,"youden_dual"
"Non-classical-Monocytes","NK_2","NK",1,8,0,12,0.251179128874207,21,0.619047619047619,0.799999485000501,"AUCell","REACTOME",TRUE,"youden_dual"
"Non-classical-Monocytes","NK_4","NK",0,1,0,1,0.243493354000747,2,0.5,0.249999875000062,"AUCell","REACTOME",TRUE,"youden_dual"
"Non-classical-Monocytes","Platelet","other",0,0,1,0,6.01786407050851,1,0,0,"AUCell","REACTOME",TRUE,"youden_dual"
"Non-classical-Monocytes","cDC2_1","DC",1,1,1,0,0.87417290452128,3,0.333333333333333,0.249999875000062,"AUCell","REACTOME",TRUE,"youden_dual"
"Non-classical-Monocytes","cDC2_2","DC",4,2,1,0,0.698433101218511,7,0.571428571428571,0.399999920000016,"AUCell","REACTOME",TRUE,"youden_dual"
"Non-classical-Monocytes","pDC","DC",0,0,2,0,0.210802194009216,2,0,0,"AUCell","REACTOME",TRUE,"youden_dual"
"T-cells-CD4","ASDC_mDC","DC",0,0,0,1,1.17075000847402,1,1,0.4999995000005,"AUCell","REACTOME",TRUE,"youden_dual"
"T-cells-CD4","CD14 Mono","Mono",2,5,0,0,0.862708985728369,7,0.285714285714286,0.499999750000125,"AUCell","REACTOME",TRUE,"youden_dual"
"T-cells-CD4","CD16 Mono","Mono",0,4,0,1,1.63183434710503,5,0.2,0.099999980000004,"AUCell","REACTOME",TRUE,"youden_dual"
"T-cells-CD4","CD4 CTL","CD4 T",0,28,43,1431,-0.260208359762892,1502,0.952729693741678,0.490404386230018,"AUCell","REACTOME",TRUE,"youden_dual"
"T-cells-CD4","CD4 Naive","CD4 T",0,0,20,17039,-0.955412228600865,17059,0.99882759833519,0.499999999970656,"AUCell","REACTOME",TRUE,"youden_dual"
"T-cells-CD4","CD4 Proliferating","CD4 T",0,0,3,9,0.115901146381306,12,0.75,0.499999944444451,"AUCell","REACTOME",TRUE,"youden_dual"
"T-cells-CD4","CD4 TCM_1","CD4 T",0,0,8,7235,-0.738614871200846,7243,0.998895485296148,0.499999999930892,"AUCell","REACTOME",TRUE,"youden_dual"
"T-cells-CD4","CD4 TCM_2","CD4 T",0,0,10,311,-0.419349700207044,321,0.968847352024922,0.499999998392283,"AUCell","REACTOME",TRUE,"youden_dual"
"T-cells-CD4","CD4 TCM_3","CD4 T",0,0,17,5803,-0.629111765348041,5820,0.997079037800687,0.499999999913838,"AUCell","REACTOME",TRUE,"youden_dual"
"T-cells-CD4","CD4 TEM_1","CD4 T",0,0,4,1479,-0.582803124038368,1483,0.997302764666217,0.499999999661934,"AUCell","REACTOME",TRUE,"youden_dual"
"T-cells-CD4","CD4 TEM_2","CD4 T",0,0,1,393,-0.656633597660374,394,0.99746192893401,0.499999998727735,"AUCell","REACTOME",TRUE,"youden_dual"
"T-cells-CD4","CD4 TEM_3","CD4 T",0,0,7,1882,-0.700793429773825,1889,0.996294335627316,0.499999999734325,"AUCell","REACTOME",TRUE,"youden_dual"
"T-cells-CD4","CD4 TEM_4","CD4 T",0,0,1,76,-0.606987690988133,77,0.987012987012987,0.499999993421053,"AUCell","REACTOME",TRUE,"youden_dual"
"T-cells-CD4","CD8 Naive","CD8 T",0,0,0,1,-0.636025747065302,1,1,0.4999995000005,"AUCell","REACTOME",TRUE,"youden_dual"
"T-cells-CD4","CD8 Proliferating","CD8 T",0,0,0,6,-0.668293916077275,6,1,0.499999916666681,"AUCell","REACTOME",TRUE,"youden_dual"
"T-cells-CD4","CD8 TCM_2","CD8 T",0,0,0,1,-0.492087959450095,1,1,0.4999995000005,"AUCell","REACTOME",TRUE,"youden_dual"
"T-cells-CD4","CD8 TCM_3","CD8 T",0,0,0,8,-0.754720037293332,8,1,0.499999937500008,"AUCell","REACTOME",TRUE,"youden_dual"
"T-cells-CD4","CD8 TEM_4","CD8 T",0,1,0,3,0.184758035125021,4,0.75,0.374999906250023,"AUCell","REACTOME",TRUE,"youden_dual"
"T-cells-CD4","Doublet","other",0,0,0,21,-0.857126297318735,21,1,0.499999976190477,"AUCell","REACTOME",TRUE,"youden_dual"
"T-cells-CD4","Eryth","other",0,0,0,3,-0.664104291136894,3,1,0.499999833333389,"AUCell","REACTOME",TRUE,"youden_dual"
"T-cells-CD4","HSPC","other",0,0,0,5,-0.481259390373418,5,1,0.49999990000002,"AUCell","REACTOME",TRUE,"youden_dual"
"T-cells-CD4","MAIT","other T",0,0,0,690,-0.637655357033751,690,1,0.499999999275362,"AUCell","REACTOME",TRUE,"youden_dual"
"T-cells-CD4","NK Proliferating","NK",0,0,0,2,-0.184090099049295,2,1,0.499999750000125,"AUCell","REACTOME",TRUE,"youden_dual"
"T-cells-CD4","NK_1","NK",0,0,0,4,-0.038218638384682,4,1,0.499999875000031,"AUCell","REACTOME",TRUE,"youden_dual"
"T-cells-CD4","NK_2","NK",0,3,0,1,0.262497734439447,4,0.25,0.124999968750008,"AUCell","REACTOME",TRUE,"youden_dual"
"T-cells-CD4","NK_3","NK",0,1,0,0,0.338787178966818,1,0,0,"AUCell","REACTOME",TRUE,"youden_dual"
"T-cells-CD4","NK_CD56bright","NK",0,0,0,2,-0.237507817039153,2,1,0.499999750000125,"AUCell","REACTOME",TRUE,"youden_dual"
"T-cells-CD4","Platelet","other",2,0,3,14,0.553043241454361,19,0.842105263157895,0.699999924285725,"AUCell","REACTOME",TRUE,"youden_dual"
"T-cells-CD4","Treg Memory","CD4 T",0,0,2,1106,-0.748905874665732,1108,0.998194945848375,0.49999999954792,"AUCell","REACTOME",TRUE,"youden_dual"
"T-cells-CD4","Treg Naive","CD4 T",0,0,1,1255,-0.966553842878399,1256,0.999203821656051,0.499999999601594,"AUCell","REACTOME",TRUE,"youden_dual"
"T-cells-CD4","cDC1","DC",0,0,1,1,0.0593109960447649,2,0.5,0.4999995000005,"AUCell","REACTOME",TRUE,"youden_dual"
"T-cells-CD4","cDC2_1","DC",1,1,1,1,0.479129543255783,4,0.5,0.499999750000125,"AUCell","REACTOME",TRUE,"youden_dual"
"T-cells-CD4","cDC2_2","DC",1,5,0,3,0.598060507008091,9,0.444444444444444,0.687499476563003,"AUCell","REACTOME",TRUE,"youden_dual"
"T-cells-CD4","dnT_1","other T",0,0,0,10,-0.871692149961735,10,1,0.499999950000005,"AUCell","REACTOME",TRUE,"youden_dual"
"T-cells-CD4","dnT_2","other T",0,0,0,14,-0.426481195273799,14,1,0.499999964285717,"AUCell","REACTOME",TRUE,"youden_dual"
"T-cells-CD4","gdT_1","other T",0,0,0,7,-0.383698679055677,7,1,0.499999928571439,"AUCell","REACTOME",TRUE,"youden_dual"
"T-cells-CD4","gdT_2","other T",0,1,0,2,0.293144438029782,3,0.666666666666667,0.333333222222259,"AUCell","REACTOME",TRUE,"youden_dual"
"T-cells-CD4","gdT_3","other T",0,0,0,5,-0.636025747065302,5,1,0.49999990000002,"AUCell","REACTOME",TRUE,"youden_dual"
"T-cells-CD4","gdT_4","other T",0,0,0,1,-0.492813086843623,1,1,0.4999995000005,"AUCell","REACTOME",TRUE,"youden_dual"
"T-cells-CD4","pDC","DC",1,0,3,0,0.823172277843179,4,0.25,0.124999968750008,"AUCell","REACTOME",TRUE,"youden_dual"
"T-cells-CD8","CD14 Mono","Mono",0,3,0,0,1.22287861109761,3,0,0,"AUCell","REACTOME",TRUE,"youden_dual"
"T-cells-CD8","CD4 Naive","CD4 T",0,0,0,2,-0.775068924774198,2,1,0.499999750000125,"AUCell","REACTOME",TRUE,"youden_dual"
"T-cells-CD8","CD4 TCM_1","CD4 T",0,0,0,3,-1.03130074624817,3,1,0.499999833333389,"AUCell","REACTOME",TRUE,"youden_dual"
"T-cells-CD8","CD4 TCM_3","CD4 T",0,0,0,3,-0.757041452074,3,1,0.499999833333389,"AUCell","REACTOME",TRUE,"youden_dual"
"T-cells-CD8","CD4 TEM_3","CD4 T",0,0,0,1,-0.671677843913737,1,1,0.4999995000005,"AUCell","REACTOME",TRUE,"youden_dual"
"T-cells-CD8","CD8 Naive","CD8 T",0,0,22,9858,-0.882164724056398,9880,0.997773279352227,0.49999999994928,"AUCell","REACTOME",TRUE,"youden_dual"
"T-cells-CD8","CD8 Naive_2","CD8 T",1,0,6,152,-0.642805004112337,159,0.962264150943396,0.571428557935018,"AUCell","REACTOME",TRUE,"youden_dual"
"T-cells-CD8","CD8 Proliferating","CD8 T",0,3,2,29,0.0972486660012302,34,0.852941176470588,0.453124985839844,"AUCell","REACTOME",TRUE,"youden_dual"
"T-cells-CD8","CD8 TCM_1","CD8 T",0,0,6,683,-0.741518978203395,689,0.991291727140784,0.499999999267936,"AUCell","REACTOME",TRUE,"youden_dual"
"T-cells-CD8","CD8 TCM_2","CD8 T",0,0,9,1001,-0.680206586504671,1010,0.991089108910891,0.4999999995005,"AUCell","REACTOME",TRUE,"youden_dual"
"T-cells-CD8","CD8 TCM_3","CD8 T",0,0,2,459,-0.661492766413398,461,0.995661605206074,0.499999998910675,"AUCell","REACTOME",TRUE,"youden_dual"
"T-cells-CD8","CD8 TEM_1","CD8 T",0,7,15,2291,-0.506813928904067,2313,0.990488543017726,0.498476936249575,"AUCell","REACTOME",TRUE,"youden_dual"
"T-cells-CD8","CD8 TEM_2","CD8 T",0,68,22,2017,-0.075281154473992,2107,0.957285239677266,0.483693045331562,"AUCell","REACTOME",TRUE,"youden_dual"
"T-cells-CD8","CD8 TEM_3","CD8 T",0,0,4,265,-0.431399199491929,269,0.985130111524164,0.499999998113208,"AUCell","REACTOME",TRUE,"youden_dual"
"T-cells-CD8","CD8 TEM_4","CD8 T",2,178,38,2856,-0.0661345490623308,3074,0.929733246584255,0.495665786958828,"AUCell","REACTOME",TRUE,"youden_dual"
"T-cells-CD8","CD8 TEM_5","CD8 T",3,126,11,1605,-0.0457229450737537,1745,0.921489971346705,0.57074770190828,"AUCell","REACTOME",TRUE,"youden_dual"
"T-cells-CD8","CD8 TEM_6","CD8 T",0,0,2,298,-0.432009140653583,300,0.993333333333333,0.499999998322148,"AUCell","REACTOME",TRUE,"youden_dual"
"T-cells-CD8","Eryth","other",0,0,0,8,-0.665831504303421,8,1,0.499999937500008,"AUCell","REACTOME",TRUE,"youden_dual"
"T-cells-CD8","MAIT","other T",0,4,11,1310,-0.508983154086307,1325,0.988679245283019,0.49847792960542,"AUCell","REACTOME",TRUE,"youden_dual"
"T-cells-CD8","NK Proliferating","NK",0,0,0,8,-0.144011703736203,8,1,0.499999937500008,"AUCell","REACTOME",TRUE,"youden_dual"
"T-cells-CD8","NK_1","NK",0,1,0,1,0.336611796786235,2,0.5,0.249999875000062,"AUCell","REACTOME",TRUE,"youden_dual"
"T-cells-CD8","NK_2","NK",0,4,0,7,0.262077490154561,11,0.636363636363636,0.318181789256201,"AUCell","REACTOME",TRUE,"youden_dual"
"T-cells-CD8","NK_4","NK",0,1,0,1,0.0564104864706549,2,0.5,0.249999875000062,"AUCell","REACTOME",TRUE,"youden_dual"
"T-cells-CD8","NK_CD56bright","NK",0,0,0,4,0.0292182092133744,4,1,0.499999875000031,"AUCell","REACTOME",TRUE,"youden_dual"
"T-cells-CD8","Platelet","other",0,0,0,17,-0.820044595903135,17,1,0.499999970588237,"AUCell","REACTOME",TRUE,"youden_dual"
"T-cells-CD8","Treg Memory","CD4 T",0,0,1,1,-0.0759252628481114,2,0.5,0.4999995000005,"AUCell","REACTOME",TRUE,"youden_dual"
"T-cells-CD8","Treg Naive","CD4 T",0,0,0,1,-0.80075051996163,1,1,0.4999995000005,"AUCell","REACTOME",TRUE,"youden_dual"
"T-cells-CD8","dnT_1","other T",0,0,0,9,-1.16735613053004,9,1,0.499999944444451,"AUCell","REACTOME",TRUE,"youden_dual"
"T-cells-CD8","gdT_1","other T",0,0,1,37,-0.406965000293239,38,0.973684210526316,0.499999986486487,"AUCell","REACTOME",TRUE,"youden_dual"
"T-cells-CD8","gdT_2","other T",0,7,0,107,-0.0103150153948618,114,0.93859649122807,0.469298241497384,"AUCell","REACTOME",TRUE,"youden_dual"
"T-cells-CD8","gdT_3","other T",0,0,0,8,-0.698401809729364,8,1,0.499999937500008,"AUCell","REACTOME",TRUE,"youden_dual"
"T-cells-CD8","gdT_4","other T",0,4,0,45,0.0423062653826043,49,0.918367346938776,0.459183664098293,"AUCell","REACTOME",TRUE,"youden_dual"
"Total-memory-B-cells","B intermediate kappa","B",0,0,13,618,-0.707558817475131,631,0.979397781299525,0.499999999190939,"AUCell","REACTOME",TRUE,"youden_dual"
"Total-memory-B-cells","B intermediate lambda","B",0,0,22,532,-0.668922403448139,554,0.96028880866426,0.49999999906015,"AUCell","REACTOME",TRUE,"youden_dual"
"Total-memory-B-cells","B memory kappa","B",0,0,37,1458,-0.676981297944101,1495,0.975250836120401,0.499999999657064,"AUCell","REACTOME",TRUE,"youden_dual"
"Total-memory-B-cells","B memory lambda","B",0,0,29,900,-0.701857921825331,929,0.968783638320775,0.499999999444444,"AUCell","REACTOME",TRUE,"youden_dual"
"Total-memory-B-cells","B naive kappa","B",0,0,3,155,-0.772403240210439,158,0.981012658227848,0.499999996774194,"AUCell","REACTOME",TRUE,"youden_dual"
"Total-memory-B-cells","B naive lambda","B",0,0,2,34,-0.932451782811059,36,0.944444444444444,0.499999985294118,"AUCell","REACTOME",TRUE,"youden_dual"
"Total-memory-B-cells","CD4 Naive","CD4 T",0,0,0,1,-0.922209358377484,1,1,0.4999995000005,"AUCell","REACTOME",TRUE,"youden_dual"
"Total-memory-B-cells","CD4 TCM_3","CD4 T",0,0,0,2,-0.496922142073612,2,1,0.499999750000125,"AUCell","REACTOME",TRUE,"youden_dual"
"Total-memory-B-cells","CD8 Naive","CD8 T",0,0,0,1,-0.345007953129603,1,1,0.4999995000005,"AUCell","REACTOME",TRUE,"youden_dual"
"Total-memory-B-cells","CD8 TEM_2","CD8 T",0,0,0,1,0.244520617808244,1,1,0.4999995000005,"AUCell","REACTOME",TRUE,"youden_dual"
"Total-memory-B-cells","CD8 TEM_6","CD8 T",0,0,0,1,-0.62684080008062,1,1,0.4999995000005,"AUCell","REACTOME",TRUE,"youden_dual"
"Total-memory-B-cells","Doublet","other",0,1,0,0,3.23530855241237,1,0,0,"AUCell","REACTOME",TRUE,"youden_dual"
"Total-memory-B-cells","Eryth","other",0,0,0,1,-0.971034602875001,1,1,0.4999995000005,"AUCell","REACTOME",TRUE,"youden_dual"
"Total-memory-B-cells","ILC","other",0,0,0,1,0.270987767671998,1,1,0.4999995000005,"AUCell","REACTOME",TRUE,"youden_dual"
"Total-memory-B-cells","NK_3","NK",0,0,0,1,-0.111396077848165,1,1,0.4999995000005,"AUCell","REACTOME",TRUE,"youden_dual"
"Total-memory-B-cells","Plasma","B",0,0,1,3,-0.75854206293005,4,0.75,0.499999833333389,"AUCell","REACTOME",TRUE,"youden_dual"
"Total-memory-B-cells","Platelet","other",0,0,1,1,4.88436909985946,2,0.5,0.4999995000005,"AUCell","REACTOME",TRUE,"youden_dual"
"cDC1","ASDC_mDC","DC",0,1,0,0,0.865833939495713,1,0,0,"AUCell","REACTOME",TRUE,"youden_dual"
"cDC1","CD14 Mono","Mono",0,1,0,0,1.25921555048438,1,0,0,"AUCell","REACTOME",TRUE,"youden_dual"
"cDC1","cDC1","DC",0,5,14,26,0.194975617231225,45,0.577777777777778,0.419354825182102,"AUCell","REACTOME",TRUE,"youden_dual"
"cDC1","cDC2_1","DC",0,1,0,0,0.767458323107151,1,0,0,"AUCell","REACTOME",TRUE,"youden_dual"
"cDC1","cDC2_2","DC",0,4,1,1,0.608272717800269,6,0.166666666666667,0.099999980000004,"AUCell","REACTOME",TRUE,"youden_dual"
"cDC2","CD14 Mono","Mono",2982,1926,136,148,0.929274043743396,5192,0.602850539291217,0.513870993710112,"AUCell","REACTOME",TRUE,"youden_dual"
"cDC2","CD16 Mono","Mono",169,95,4,0,1.53028377305051,268,0.630597014925373,0.488439303535033,"AUCell","REACTOME",TRUE,"youden_dual"
"cDC2","CD4 CTL","CD4 T",0,0,1,0,-0.12674460767783,1,0,0,"AUCell","REACTOME",TRUE,"youden_dual"
"cDC2","CD4 Naive","CD4 T",0,0,9,13,-0.957454944414395,22,0.590909090909091,0.499999961538465,"AUCell","REACTOME",TRUE,"youden_dual"
"cDC2","CD4 TCM_1","CD4 T",0,0,9,13,-0.788335460042144,22,0.590909090909091,0.499999961538465,"AUCell","REACTOME",TRUE,"youden_dual"
"cDC2","CD4 TCM_3","CD4 T",0,0,1,6,-0.68928808061369,7,0.857142857142857,0.499999916666681,"AUCell","REACTOME",TRUE,"youden_dual"
"cDC2","CD4 TEM_1","CD4 T",0,0,1,2,-0.707088231630996,3,0.666666666666667,0.499999750000125,"AUCell","REACTOME",TRUE,"youden_dual"
"cDC2","CD4 TEM_2","CD4 T",0,0,0,1,-1.30133013062677,1,1,0.4999995000005,"AUCell","REACTOME",TRUE,"youden_dual"
"cDC2","CD4 TEM_3","CD4 T",0,0,1,1,-0.662855460625819,2,0.5,0.4999995000005,"AUCell","REACTOME",TRUE,"youden_dual"
"cDC2","CD8 Naive","CD8 T",0,0,3,14,-0.983902059564067,17,0.823529411764706,0.499999964285717,"AUCell","REACTOME",TRUE,"youden_dual"
"cDC2","CD8 TCM_2","CD8 T",0,0,1,0,-1.19340700355676,1,0,0,"AUCell","REACTOME",TRUE,"youden_dual"
"cDC2","CD8 TEM_1","CD8 T",0,0,5,4,-0.444323549472739,9,0.444444444444444,0.499999875000031,"AUCell","REACTOME",TRUE,"youden_dual"
"cDC2","CD8 TEM_4","CD8 T",1,1,0,0,0.506412461437255,2,0.5,0.4999995000005,"AUCell","REACTOME",TRUE,"youden_dual"
"cDC2","CD8 TEM_5","CD8 T",1,0,0,1,0.189713072314125,2,1,0.999999000001,"AUCell","REACTOME",TRUE,"youden_dual"
"cDC2","Doublet","other",26,7,0,1,1.68365323028309,34,0.794117647058823,0.562499972956732,"AUCell","REACTOME",TRUE,"youden_dual"
"cDC2","Eryth","other",1,0,0,0,1.23081472757122,1,1,0.4999995000005,"AUCell","REACTOME",TRUE,"youden_dual"
"cDC2","HSPC","other",0,0,3,1,-0.261497448308354,4,0.25,0.4999995000005,"AUCell","REACTOME",TRUE,"youden_dual"
"cDC2","MAIT","other T",0,0,1,4,-0.490081773661336,5,0.8,0.499999875000031,"AUCell","REACTOME",TRUE,"youden_dual"
"cDC2","NK Proliferating","NK",0,0,0,2,-0.286453916102259,2,1,0.499999750000125,"AUCell","REACTOME",TRUE,"youden_dual"
"cDC2","NK_2","NK",1,2,1,4,0.201556819741741,8,0.625,0.58333315277785,"AUCell","REACTOME",TRUE,"youden_dual"
"cDC2","NK_4","NK",0,0,0,1,-0.0477057217833334,1,1,0.4999995000005,"AUCell","REACTOME",TRUE,"youden_dual"
"cDC2","Platelet","other",4,0,6,0,4.79308764647091,10,0.4,0.199999980000002,"AUCell","REACTOME",TRUE,"youden_dual"
"cDC2","Treg Naive","CD4 T",0,0,1,2,-0.692867677746818,3,0.666666666666667,0.499999750000125,"AUCell","REACTOME",TRUE,"youden_dual"
"cDC2","cDC2_1","DC",34,6,4,0,0.88574198248165,44,0.772727272727273,0.447368409279779,"AUCell","REACTOME",TRUE,"youden_dual"
"cDC2","cDC2_2","DC",23,4,9,6,0.45817997980905,42,0.69047619047619,0.659374958769535,"AUCell","REACTOME",TRUE,"youden_dual"
"cDC2","gdT_1","other T",0,0,3,0,-0.411075115650997,3,0,0,"AUCell","REACTOME",TRUE,"youden_dual"
"pDCs","ASDC_mDC","DC",0,2,0,1,0.628475572681049,3,0.333333333333333,0.16666661111113,"AUCell","REACTOME",TRUE,"youden_dual"
"pDCs","ASDC_pDC","DC",2,0,1,0,0.31276316251022,3,0.666666666666667,0.333333222222259,"AUCell","REACTOME",TRUE,"youden_dual"
"pDCs","pDC","DC",0,0,9,3,0.204940747578202,12,0.25,0.499999833333389,"AUCell","REACTOME",TRUE,"youden_dual"
"unknown-R11","CD14 Mono","Mono",0,3,0,0,1.21921268927478,3,0,0,"AUCell","REACTOME",TRUE,"youden_dual"
"unknown-R11","CD16 Mono","Mono",0,1,0,0,1.99630754600507,1,0,0,"AUCell","REACTOME",TRUE,"youden_dual"
"unknown-R11","CD4 CTL","CD4 T",0,0,0,1,-0.0137455888531293,1,1,0.4999995000005,"AUCell","REACTOME",TRUE,"youden_dual"
"unknown-R11","CD4 Naive","CD4 T",0,0,0,12,-0.840884306950616,12,1,0.499999958333337,"AUCell","REACTOME",TRUE,"youden_dual"
"unknown-R11","CD4 TCM_1","CD4 T",0,0,0,13,-0.809656571794954,13,1,0.499999961538465,"AUCell","REACTOME",TRUE,"youden_dual"
"unknown-R11","CD4 TCM_3","CD4 T",0,0,0,12,-0.321854232605719,12,1,0.499999958333337,"AUCell","REACTOME",TRUE,"youden_dual"
"unknown-R11","CD4 TEM_1","CD4 T",0,0,0,2,-0.937255751793179,2,1,0.499999750000125,"AUCell","REACTOME",TRUE,"youden_dual"
"unknown-R11","CD4 TEM_2","CD4 T",0,0,0,2,-0.79954197430575,2,1,0.499999750000125,"AUCell","REACTOME",TRUE,"youden_dual"
"unknown-R11","CD4 TEM_3","CD4 T",0,0,0,21,-0.66465676915101,21,1,0.499999976190477,"AUCell","REACTOME",TRUE,"youden_dual"
"unknown-R11","CD8 Naive","CD8 T",0,0,0,41,-0.893148256862087,41,1,0.499999987804878,"AUCell","REACTOME",TRUE,"youden_dual"
"unknown-R11","CD8 Naive_2","CD8 T",0,0,0,2,-0.290804680463424,2,1,0.499999750000125,"AUCell","REACTOME",TRUE,"youden_dual"
"unknown-R11","CD8 TCM_1","CD8 T",0,0,0,3,-0.915924920966912,3,1,0.499999833333389,"AUCell","REACTOME",TRUE,"youden_dual"
"unknown-R11","CD8 TCM_2","CD8 T",0,0,0,45,-0.601219632175982,45,1,0.499999988888889,"AUCell","REACTOME",TRUE,"youden_dual"
"unknown-R11","CD8 TCM_3","CD8 T",0,0,0,5,-0.665731799286811,5,1,0.49999990000002,"AUCell","REACTOME",TRUE,"youden_dual"
"unknown-R11","CD8 TEM_1","CD8 T",0,1,0,35,-0.45357228081148,36,0.972222222222222,0.486111097608025,"AUCell","REACTOME",TRUE,"youden_dual"
"unknown-R11","CD8 TEM_2","CD8 T",0,3,0,29,0.0223748194369587,32,0.90625,0.453124985839844,"AUCell","REACTOME",TRUE,"youden_dual"
"unknown-R11","CD8 TEM_3","CD8 T",0,0,0,2,-0.303977828112506,2,1,0.499999750000125,"AUCell","REACTOME",TRUE,"youden_dual"
"unknown-R11","CD8 TEM_4","CD8 T",0,5,0,38,-0.023484218382481,43,0.883720930232558,0.441860454840455,"AUCell","REACTOME",TRUE,"youden_dual"
"unknown-R11","CD8 TEM_5","CD8 T",0,3,0,27,-0.0117716309485267,30,0.9,0.449999985,"AUCell","REACTOME",TRUE,"youden_dual"
"unknown-R11","CD8 TEM_6","CD8 T",0,0,0,13,-0.317155624014112,13,1,0.499999961538465,"AUCell","REACTOME",TRUE,"youden_dual"
"unknown-R11","HSPC","other",0,0,0,22,-0.604186062422231,22,1,0.499999977272728,"AUCell","REACTOME",TRUE,"youden_dual"
"unknown-R11","ILC","other",0,0,0,2,-0.65034701308747,2,1,0.499999750000125,"AUCell","REACTOME",TRUE,"youden_dual"
"unknown-R11","MAIT","other T",0,0,0,418,-0.53035519875246,418,1,0.499999998803828,"AUCell","REACTOME",TRUE,"youden_dual"
"unknown-R11","NK Proliferating","NK",0,0,0,6,-0.026898594074614,6,1,0.499999916666681,"AUCell","REACTOME",TRUE,"youden_dual"
"unknown-R11","NK_1","NK",0,3,0,2,0.246671829075709,5,0.4,0.199999960000008,"AUCell","REACTOME",TRUE,"youden_dual"
"unknown-R11","NK_2","NK",0,7,0,11,0.105846717938645,18,0.611111111111111,0.305555538580248,"AUCell","REACTOME",TRUE,"youden_dual"
"unknown-R11","NK_3","NK",0,1,0,7,-0.167472596280957,8,0.875,0.437499945312507,"AUCell","REACTOME",TRUE,"youden_dual"
"unknown-R11","NK_4","NK",0,0,0,5,-0.0194499243488789,5,1,0.49999990000002,"AUCell","REACTOME",TRUE,"youden_dual"
"unknown-R11","NK_CD56bright","NK",0,0,0,3,-0.285023803742802,3,1,0.499999833333389,"AUCell","REACTOME",TRUE,"youden_dual"
"unknown-R11","Platelet","other",0,1,0,6,5.13878522535996,7,0.857142857142857,0.428571367346948,"AUCell","REACTOME",TRUE,"youden_dual"
"unknown-R11","Treg Memory","CD4 T",0,0,0,2,-0.862084211997496,2,1,0.499999750000125,"AUCell","REACTOME",TRUE,"youden_dual"
"unknown-R11","cDC1","DC",0,0,0,2,0.377702349086126,2,1,0.499999750000125,"AUCell","REACTOME",TRUE,"youden_dual"
"unknown-R11","cDC2_2","DC",0,1,0,0,0.845530372476944,1,0,0,"AUCell","REACTOME",TRUE,"youden_dual"
"unknown-R11","dnT_1","other T",0,0,0,161,-0.977432388356404,161,1,0.49999999689441,"AUCell","REACTOME",TRUE,"youden_dual"
"unknown-R11","dnT_2","other T",0,0,0,37,-0.584296726654064,37,1,0.499999986486487,"AUCell","REACTOME",TRUE,"youden_dual"
"unknown-R11","gdT_1","other T",0,11,0,1326,-0.322074240041341,1337,0.991772625280479,0.495886312269345,"AUCell","REACTOME",TRUE,"youden_dual"
"unknown-R11","gdT_2","other T",0,53,0,495,-0.0288330022491155,548,0.903284671532847,0.451642334942259,"AUCell","REACTOME",TRUE,"youden_dual"
"unknown-R11","gdT_3","other T",0,0,0,487,-0.688504174437603,487,1,0.499999998973306,"AUCell","REACTOME",TRUE,"youden_dual"
"unknown-R11","gdT_4","other T",0,39,0,357,0.0127001978298383,396,0.901515151515151,0.450757574619299,"AUCell","REACTOME",TRUE,"youden_dual"
"unknown-R13","CD4 CTL","CD4 T",0,2,0,63,-0.378458637583329,65,0.969230769230769,0.484615377159763,"AUCell","REACTOME",TRUE,"youden_dual"
"unknown-R13","CD4 Naive","CD4 T",0,0,0,1,-1.45795764762871,1,1,0.4999995000005,"AUCell","REACTOME",TRUE,"youden_dual"
"unknown-R13","CD4 TCM_1","CD4 T",0,0,0,2,-0.847762945975328,2,1,0.499999750000125,"AUCell","REACTOME",TRUE,"youden_dual"
"unknown-R13","CD4 TCM_3","CD4 T",0,0,0,1,-0.531728256962931,1,1,0.4999995000005,"AUCell","REACTOME",TRUE,"youden_dual"
"unknown-R13","CD4 TEM_1","CD4 T",0,0,0,5,-0.479277375497777,5,1,0.49999990000002,"AUCell","REACTOME",TRUE,"youden_dual"
"unknown-R13","CD4 TEM_3","CD4 T",0,0,0,2,-0.637717710983533,2,1,0.499999750000125,"AUCell","REACTOME",TRUE,"youden_dual"
"unknown-R13","CD4 TEM_4","CD4 T",0,0,0,1,-0.76654867790025,1,1,0.4999995000005,"AUCell","REACTOME",TRUE,"youden_dual"
"unknown-R13","CD8 Naive","CD8 T",0,0,0,62,-0.92640807989807,62,1,0.499999991935484,"AUCell","REACTOME",TRUE,"youden_dual"
"unknown-R13","CD8 Naive_2","CD8 T",0,0,0,2,-0.529915438479113,2,1,0.499999750000125,"AUCell","REACTOME",TRUE,"youden_dual"
"unknown-R13","CD8 TCM_1","CD8 T",0,0,0,3,-1.04390990592451,3,1,0.499999833333389,"AUCell","REACTOME",TRUE,"youden_dual"
"unknown-R13","CD8 TCM_2","CD8 T",0,0,0,55,-0.657986120310495,55,1,0.499999990909091,"AUCell","REACTOME",TRUE,"youden_dual"
"unknown-R13","CD8 TCM_3","CD8 T",0,0,0,4,-0.622520249360852,4,1,0.499999875000031,"AUCell","REACTOME",TRUE,"youden_dual"
"unknown-R13","CD8 TEM_1","CD8 T",0,0,0,23,-0.510163598824984,23,1,0.499999978260871,"AUCell","REACTOME",TRUE,"youden_dual"
"unknown-R13","CD8 TEM_2","CD8 T",0,0,0,15,0.0683549460362607,15,1,0.499999966666669,"AUCell","REACTOME",TRUE,"youden_dual"
"unknown-R13","CD8 TEM_3","CD8 T",0,0,0,3,-0.483225291306982,3,1,0.499999833333389,"AUCell","REACTOME",TRUE,"youden_dual"
"unknown-R13","CD8 TEM_4","CD8 T",0,4,0,40,-0.126079907567096,44,0.909090909090909,0.454545444214876,"AUCell","REACTOME",TRUE,"youden_dual"
"unknown-R13","CD8 TEM_5","CD8 T",0,0,0,3,-0.00298953251580493,3,1,0.499999833333389,"AUCell","REACTOME",TRUE,"youden_dual"
"unknown-R13","CD8 TEM_6","CD8 T",0,0,0,1,-0.944084034748896,1,1,0.4999995000005,"AUCell","REACTOME",TRUE,"youden_dual"
"unknown-R13","MAIT","other T",0,0,0,99,-0.576551872510982,99,1,0.499999994949495,"AUCell","REACTOME",TRUE,"youden_dual"
"unknown-R13","NK_2","NK",0,1,0,0,0.263615639171135,1,0,0,"AUCell","REACTOME",TRUE,"youden_dual"
"unknown-R13","NK_4","NK",0,0,0,1,-0.172427633470061,1,1,0.4999995000005,"AUCell","REACTOME",TRUE,"youden_dual"
"unknown-R13","Platelet","other",0,0,0,1,-0.506348798189469,1,1,0.4999995000005,"AUCell","REACTOME",TRUE,"youden_dual"
"unknown-R13","Treg Naive","CD4 T",0,0,0,1,-0.116230260471681,1,1,0.4999995000005,"AUCell","REACTOME",TRUE,"youden_dual"
"unknown-R16","CD4 Naive","CD4 T",0,0,0,1,-1.13068348401664,1,1,0.4999995000005,"AUCell","REACTOME",TRUE,"youden_dual"
"unknown-R16","CD8 Naive","CD8 T",0,0,0,3,-0.680177948360087,3,1,0.499999833333389,"AUCell","REACTOME",TRUE,"youden_dual"
"unknown-R16","Treg Naive","CD4 T",0,0,0,1,-0.727029234953001,1,1,0.4999995000005,"AUCell","REACTOME",TRUE,"youden_dual"
"unknown-R16","gdT_1","other T",0,0,0,1,-0.878339151069071,1,1,0.4999995000005,"AUCell","REACTOME",TRUE,"youden_dual"
"unknown-R40","CD16 Mono","Mono",0,1,0,0,1.00735463579916,1,0,0,"AUCell","REACTOME",TRUE,"youden_dual"
"unknown-Singlets","B intermediate kappa","B",0,0,0,5,-0.498493251426255,5,1,0.49999990000002,"AUCell","REACTOME",TRUE,"youden_dual"
"unknown-Singlets","B intermediate lambda","B",0,0,0,6,-0.314613029884243,6,1,0.499999916666681,"AUCell","REACTOME",TRUE,"youden_dual"
"unknown-Singlets","B memory kappa","B",0,0,0,9,-0.61231139563994,9,1,0.499999944444451,"AUCell","REACTOME",TRUE,"youden_dual"
"unknown-Singlets","B memory lambda","B",0,0,0,4,-0.796792532938625,4,1,0.499999875000031,"AUCell","REACTOME",TRUE,"youden_dual"
"unknown-Singlets","B naive kappa","B",0,0,0,18,-0.862869766673818,18,1,0.499999972222224,"AUCell","REACTOME",TRUE,"youden_dual"
"unknown-Singlets","B naive lambda","B",0,0,0,11,-0.781380829131494,11,1,0.499999954545459,"AUCell","REACTOME",TRUE,"youden_dual"
"unknown-Singlets","CD14 Mono","Mono",0,25,0,1,0.919084320394758,26,0.0384615384615385,0.0192307684911243,"AUCell","REACTOME",TRUE,"youden_dual"
"unknown-Singlets","CD16 Mono","Mono",0,6,0,0,1.3080206525543,6,0,0,"AUCell","REACTOME",TRUE,"youden_dual"
"unknown-Singlets","CD4 CTL","CD4 T",0,0,0,1,-0.261860012005118,1,1,0.4999995000005,"AUCell","REACTOME",TRUE,"youden_dual"
"unknown-Singlets","CD4 Naive","CD4 T",0,0,0,6,-0.991579879024947,6,1,0.499999916666681,"AUCell","REACTOME",TRUE,"youden_dual"
"unknown-Singlets","CD4 TCM_1","CD4 T",0,0,0,5,-0.629016182261203,5,1,0.49999990000002,"AUCell","REACTOME",TRUE,"youden_dual"
"unknown-Singlets","CD4 TCM_2","CD4 T",0,0,0,2,-0.118707779066233,2,1,0.499999750000125,"AUCell","REACTOME",TRUE,"youden_dual"
"unknown-Singlets","CD4 TCM_3","CD4 T",0,0,0,4,-0.54743935048936,4,1,0.499999875000031,"AUCell","REACTOME",TRUE,"youden_dual"
"unknown-Singlets","CD4 TEM_3","CD4 T",0,0,0,4,-0.589043534693,4,1,0.499999875000031,"AUCell","REACTOME",TRUE,"youden_dual"
"unknown-Singlets","CD8 Naive","CD8 T",0,0,0,4,-0.681769200140327,4,1,0.499999875000031,"AUCell","REACTOME",TRUE,"youden_dual"
"unknown-Singlets","CD8 TCM_1","CD8 T",0,0,0,2,-0.665695542917135,2,1,0.499999750000125,"AUCell","REACTOME",TRUE,"youden_dual"
"unknown-Singlets","CD8 TCM_2","CD8 T",0,0,0,1,-0.600011086520103,1,1,0.4999995000005,"AUCell","REACTOME",TRUE,"youden_dual"
"unknown-Singlets","CD8 TEM_1","CD8 T",0,0,0,6,-0.620959211222008,6,1,0.499999916666681,"AUCell","REACTOME",TRUE,"youden_dual"
"unknown-Singlets","CD8 TEM_2","CD8 T",0,0,0,1,0.168623950619034,1,1,0.4999995000005,"AUCell","REACTOME",TRUE,"youden_dual"
"unknown-Singlets","CD8 TEM_4","CD8 T",0,0,0,1,-0.328934295906411,1,1,0.4999995000005,"AUCell","REACTOME",TRUE,"youden_dual"
"unknown-Singlets","CD8 TEM_6","CD8 T",0,0,0,2,-0.500608206324043,2,1,0.499999750000125,"AUCell","REACTOME",TRUE,"youden_dual"
"unknown-Singlets","Doublet","other",0,3,0,0,1.36903206574859,3,0,0,"AUCell","REACTOME",TRUE,"youden_dual"
"unknown-Singlets","MAIT","other T",0,0,0,2,-0.43214409491849,2,1,0.499999750000125,"AUCell","REACTOME",TRUE,"youden_dual"
"unknown-Singlets","NK_1","NK",0,1,0,6,0.308556272631898,7,0.857142857142857,0.428571367346948,"AUCell","REACTOME",TRUE,"youden_dual"
"unknown-Singlets","NK_2","NK",0,2,0,3,0.108414206043135,5,0.6,0.299999940000012,"AUCell","REACTOME",TRUE,"youden_dual"
"unknown-Singlets","Platelet","other",0,0,0,2,2.70880563742862,2,1,0.499999750000125,"AUCell","REACTOME",TRUE,"youden_dual"
"unknown-Singlets","Treg Memory","CD4 T",0,0,0,1,-1.16319336215979,1,1,0.4999995000005,"AUCell","REACTOME",TRUE,"youden_dual"
"unknown-Singlets","Treg Naive","CD4 T",0,0,0,1,-1.0480189611545,1,1,0.4999995000005,"AUCell","REACTOME",TRUE,"youden_dual"
"unknown-Singlets","cDC2_2","DC",0,0,0,1,0.295158680789581,1,1,0.4999995000005,"AUCell","REACTOME",TRUE,"youden_dual"
"unknown-Singlets","gdT_2","other T",0,0,0,1,0.158230457978473,1,1,0.4999995000005,"AUCell","REACTOME",TRUE,"youden_dual"
"unknown-Singlets","gdT_4","other T",0,0,0,1,-0.00879055166402487,1,1,0.4999995000005,"AUCell","REACTOME",TRUE,"youden_dual"
"unknown-nonBcells","CD4 Naive","CD4 T",0,0,0,5,-1.11059745521593,5,1,0.49999990000002,"AUCell","REACTOME",TRUE,"youden_dual"
"unknown-nonBcells","CD4 TCM_1","CD4 T",0,0,0,1,-0.51964280040414,1,1,0.4999995000005,"AUCell","REACTOME",TRUE,"youden_dual"
"unknown-nonBcells","CD4 TCM_3","CD4 T",0,0,0,3,-0.440926193351212,3,1,0.499999833333389,"AUCell","REACTOME",TRUE,"youden_dual"
"unknown-nonBcells","CD8 Naive","CD8 T",0,0,0,3,-0.622087187167496,3,1,0.499999833333389,"AUCell","REACTOME",TRUE,"youden_dual"
"unknown-nonBcells","CD8 TCM_1","CD8 T",0,0,0,1,-0.940458397781259,1,1,0.4999995000005,"AUCell","REACTOME",TRUE,"youden_dual"
"unknown-nonBcells","CD8 TEM_1","CD8 T",0,0,0,2,-0.598862968147018,2,1,0.499999750000125,"AUCell","REACTOME",TRUE,"youden_dual"
"unknown-nonBcells","CD8 TEM_2","CD8 T",0,0,0,1,0.0403972565302562,1,1,0.4999995000005,"AUCell","REACTOME",TRUE,"youden_dual"
"unknown-nonBcells","Doublet","other",0,0,0,8,-0.816703322619234,8,1,0.499999937500008,"AUCell","REACTOME",TRUE,"youden_dual"
"unknown-nonBcells","MAIT","other T",0,0,0,2,-0.15454115776305,2,1,0.499999750000125,"AUCell","REACTOME",TRUE,"youden_dual"
"unknown-nonBcells","gdT_2","other T",0,0,0,1,0.0923647197330595,1,1,0.4999995000005,"AUCell","REACTOME",TRUE,"youden_dual"
"unknown-nonBcells-nonMonocytes","NK_1","NK",0,0,0,1,0.122578361130038,1,1,0.4999995000005,"AUCell","REACTOME",TRUE,"youden_dual"
"unknown-nonBcells-nonMonocytes","NK_3","NK",0,0,0,1,0.610709951539626,1,1,0.4999995000005,"AUCell","REACTOME",TRUE,"youden_dual"
"unknown-nonBcells-nonMonocytes","NK_4","NK",0,0,0,4,-0.00567854660013602,4,1,0.499999875000031,"AUCell","REACTOME",TRUE,"youden_dual"
"unknown-nonBcells-nonMonocytes","NK_CD56bright","NK",0,2,0,45,-0.0792976195027613,47,0.957446808510638,0.478723394069715,"AUCell","REACTOME",TRUE,"youden_dual"
"unknown-nonBcells-nonMonocytes","Platelet","other",0,0,0,1,1.84572275728253,1,1,0.4999995000005,"AUCell","REACTOME",TRUE,"youden_dual"
"unknown-nonBcells-nonMonocytes","cDC2_2","DC",0,2,0,0,0.425137766079383,2,0,0,"AUCell","REACTOME",TRUE,"youden_dual"
"unknown-nonTcell-nonNKcell","ASDC_mDC","DC",0,1,0,3,0.943664279734331,4,0.75,0.374999906250023,"AUCell","REACTOME",TRUE,"youden_dual"
"unknown-nonTcell-nonNKcell","ASDC_pDC","DC",0,0,0,2,0.623520535491945,2,1,0.499999750000125,"AUCell","REACTOME",TRUE,"youden_dual"
"unknown-nonTcell-nonNKcell","B memory kappa","B",0,0,0,2,-0.85694789296001,2,1,0.499999750000125,"AUCell","REACTOME",TRUE,"youden_dual"
"unknown-nonTcell-nonNKcell","B memory lambda","B",0,0,0,1,-0.682313045685473,1,1,0.4999995000005,"AUCell","REACTOME",TRUE,"youden_dual"
"unknown-nonTcell-nonNKcell","B naive kappa","B",0,0,0,2,-1.10524359796038,2,1,0.499999750000125,"AUCell","REACTOME",TRUE,"youden_dual"
"unknown-nonTcell-nonNKcell","CD14 Mono","Mono",0,823,0,145,0.791255810599038,968,0.149793388429752,0.0748966941375034,"AUCell","REACTOME",TRUE,"youden_dual"
"unknown-nonTcell-nonNKcell","CD16 Mono","Mono",0,38,0,7,1.50763613853585,45,0.155555555555556,0.0777777760493828,"AUCell","REACTOME",TRUE,"youden_dual"
"unknown-nonTcell-nonNKcell","CD4 CTL","CD4 T",0,0,0,12,-0.100871659428217,12,1,0.499999958333337,"AUCell","REACTOME",TRUE,"youden_dual"
"unknown-nonTcell-nonNKcell","CD4 Naive","CD4 T",0,0,0,74,-0.967118261682031,74,1,0.499999993243243,"AUCell","REACTOME",TRUE,"youden_dual"
"unknown-nonTcell-nonNKcell","CD4 TCM_1","CD4 T",0,0,0,161,-0.725232180108173,161,1,0.49999999689441,"AUCell","REACTOME",TRUE,"youden_dual"
"unknown-nonTcell-nonNKcell","CD4 TCM_2","CD4 T",0,0,0,5,-0.42054205662205,5,1,0.49999990000002,"AUCell","REACTOME",TRUE,"youden_dual"
"unknown-nonTcell-nonNKcell","CD4 TCM_3","CD4 T",0,0,0,166,-0.647735535215398,166,1,0.499999996987952,"AUCell","REACTOME",TRUE,"youden_dual"
"unknown-nonTcell-nonNKcell","CD4 TEM_1","CD4 T",0,0,0,57,-0.534974368189512,57,1,0.49999999122807,"AUCell","REACTOME",TRUE,"youden_dual"
"unknown-nonTcell-nonNKcell","CD4 TEM_2","CD4 T",0,0,0,7,-0.352017517933702,7,1,0.499999928571439,"AUCell","REACTOME",TRUE,"youden_dual"
"unknown-nonTcell-nonNKcell","CD4 TEM_3","CD4 T",0,0,0,32,-0.771809628208499,32,1,0.499999984375001,"AUCell","REACTOME",TRUE,"youden_dual"
"unknown-nonTcell-nonNKcell","CD8 Naive","CD8 T",0,0,0,40,-0.895992981737325,40,1,0.4999999875,"AUCell","REACTOME",TRUE,"youden_dual"
"unknown-nonTcell-nonNKcell","CD8 Naive_2","CD8 T",0,0,0,2,-0.744915710660013,2,1,0.499999750000125,"AUCell","REACTOME",TRUE,"youden_dual"
"unknown-nonTcell-nonNKcell","CD8 TCM_1","CD8 T",0,0,0,15,-0.699466337027918,15,1,0.499999966666669,"AUCell","REACTOME",TRUE,"youden_dual"
"unknown-nonTcell-nonNKcell","CD8 TCM_2","CD8 T",0,0,0,45,-0.635246906531513,45,1,0.499999988888889,"AUCell","REACTOME",TRUE,"youden_dual"
"unknown-nonTcell-nonNKcell","CD8 TCM_3","CD8 T",0,0,0,8,-0.689458571875859,8,1,0.499999937500008,"AUCell","REACTOME",TRUE,"youden_dual"
"unknown-nonTcell-nonNKcell","CD8 TEM_1","CD8 T",0,0,0,72,-0.494536942938884,72,1,0.499999993055556,"AUCell","REACTOME",TRUE,"youden_dual"
"unknown-nonTcell-nonNKcell","CD8 TEM_2","CD8 T",0,3,0,37,-0.0828864858259753,40,0.925,0.4624999884375,"AUCell","REACTOME",TRUE,"youden_dual"
"unknown-nonTcell-nonNKcell","CD8 TEM_3","CD8 T",0,0,0,14,-0.629629087558113,14,1,0.499999964285717,"AUCell","REACTOME",TRUE,"youden_dual"
"unknown-nonTcell-nonNKcell","CD8 TEM_4","CD8 T",0,6,0,45,-0.0883507709787042,51,0.882352941176471,0.441176461937716,"AUCell","REACTOME",TRUE,"youden_dual"
"unknown-nonTcell-nonNKcell","CD8 TEM_5","CD8 T",0,2,0,16,-0.0791346229787238,18,0.888888888888889,0.444444419753088,"AUCell","REACTOME",TRUE,"youden_dual"
"unknown-nonTcell-nonNKcell","CD8 TEM_6","CD8 T",0,0,0,32,-0.296114727938943,32,1,0.499999984375001,"AUCell","REACTOME",TRUE,"youden_dual"
"unknown-nonTcell-nonNKcell","Doublet","other",0,7,0,0,1.14550866920409,7,0,0,"AUCell","REACTOME",TRUE,"youden_dual"
"unknown-nonTcell-nonNKcell","Eryth","other",0,1,0,1,-0.279746487712129,2,0.5,0.249999875000062,"AUCell","REACTOME",TRUE,"youden_dual"
"unknown-nonTcell-nonNKcell","HSPC","other",0,0,0,92,-0.614329725269106,92,1,0.499999994565217,"AUCell","REACTOME",TRUE,"youden_dual"
"unknown-nonTcell-nonNKcell","ILC","other",0,0,0,24,-0.376213609085783,24,1,0.499999979166667,"AUCell","REACTOME",TRUE,"youden_dual"
"unknown-nonTcell-nonNKcell","MAIT","other T",0,0,0,52,-0.505323858508233,52,1,0.499999990384616,"AUCell","REACTOME",TRUE,"youden_dual"
"unknown-nonTcell-nonNKcell","NK Proliferating","NK",0,5,0,15,0.138494907417967,20,0.75,0.374999981250001,"AUCell","REACTOME",TRUE,"youden_dual"
"unknown-nonTcell-nonNKcell","NK_1","NK",0,85,0,322,0.11452713093016,407,0.791154791154791,0.395577394605461,"AUCell","REACTOME",TRUE,"youden_dual"
"unknown-nonTcell-nonNKcell","NK_2","NK",0,45,0,104,0.166983086282226,149,0.697986577181208,0.348993286248367,"AUCell","REACTOME",TRUE,"youden_dual"
"unknown-nonTcell-nonNKcell","NK_3","NK",0,21,0,65,0.172797648988756,86,0.755813953488372,0.377906972349919,"AUCell","REACTOME",TRUE,"youden_dual"
"unknown-nonTcell-nonNKcell","NK_4","NK",0,3,0,60,-0.00077002882715068,63,0.952380952380952,0.476190468631897,"AUCell","REACTOME",TRUE,"youden_dual"
"unknown-nonTcell-nonNKcell","NK_CD56bright","NK",0,1,0,63,-0.026948950143609,64,0.984375,0.49218749230957,"AUCell","REACTOME",TRUE,"youden_dual"
"unknown-nonTcell-nonNKcell","Platelet","other",0,53,0,337,6.56665907494021,390,0.864102564102564,0.432051280943458,"AUCell","REACTOME",TRUE,"youden_dual"
"unknown-nonTcell-nonNKcell","Treg Memory","CD4 T",0,0,0,19,-0.682033171954638,19,1,0.499999973684212,"AUCell","REACTOME",TRUE,"youden_dual"
"unknown-nonTcell-nonNKcell","Treg Naive","CD4 T",0,0,0,6,-1.0560356473385,6,1,0.499999916666681,"AUCell","REACTOME",TRUE,"youden_dual"
"unknown-nonTcell-nonNKcell","cDC1","DC",0,5,0,45,0.233097444268875,50,0.9,0.449999991,"AUCell","REACTOME",TRUE,"youden_dual"
"unknown-nonTcell-nonNKcell","cDC2_1","DC",0,14,0,7,0.671373188485445,21,0.333333333333333,0.166666658730159,"AUCell","REACTOME",TRUE,"youden_dual"
"unknown-nonTcell-nonNKcell","cDC2_2","DC",0,66,0,29,0.530774197553135,95,0.305263157894737,0.15263157734072,"AUCell","REACTOME",TRUE,"youden_dual"
"unknown-nonTcell-nonNKcell","gdT_2","other T",0,0,0,1,0.626783608762818,1,1,0.4999995000005,"AUCell","REACTOME",TRUE,"youden_dual"
"unknown-nonTcell-nonNKcell","gdT_3","other T",0,0,0,12,-0.671506633279154,12,1,0.499999958333337,"AUCell","REACTOME",TRUE,"youden_dual"
"unknown-nonTcell-nonNKcell","gdT_4","other T",0,0,0,2,0.0719402981487022,2,1,0.499999750000125,"AUCell","REACTOME",TRUE,"youden_dual"
"unknown-nonTcell-nonNKcell","pDC","DC",0,10,0,32,0.46652469981393,42,0.761904761904762,0.380952371882086,"AUCell","REACTOME",TRUE,"youden_dual"
"unknown-noncDCs","CD4 Naive","CD4 T",0,0,0,1,-1.15968857975774,1,1,0.4999995000005,"AUCell","REACTOME",TRUE,"youden_dual"
"unknown-noncDCs","CD4 TCM_1","CD4 T",0,0,0,1,-0.48834146791687,1,1,0.4999995000005,"AUCell","REACTOME",TRUE,"youden_dual"
"unknown-noncDCs","CD4 TCM_3","CD4 T",0,0,0,1,-1.41360402205794,1,1,0.4999995000005,"AUCell","REACTOME",TRUE,"youden_dual"
"unknown-noncDCs","CD4 TEM_3","CD4 T",0,0,0,2,-0.400057207754899,2,1,0.499999750000125,"AUCell","REACTOME",TRUE,"youden_dual"
"unknown-noncDCs","CD8 TEM_6","CD8 T",0,0,0,1,0.067831242918713,1,1,0.4999995000005,"AUCell","REACTOME",TRUE,"youden_dual"
"unknown-noncDCs","MAIT","other T",0,0,0,1,0.551732923532723,1,1,0.4999995000005,"AUCell","REACTOME",TRUE,"youden_dual"
"unknown-noncDCs","NK_4","NK",0,0,0,1,0.473902583294106,1,1,0.4999995000005,"AUCell","REACTOME",TRUE,"youden_dual"
"unknown-noncDCs","NK_CD56bright","NK",0,2,0,36,-0.140213530974272,38,0.947368421052632,0.473684198060942,"AUCell","REACTOME",TRUE,"youden_dual"
"unknown-noncDCs","Treg Naive","CD4 T",0,0,0,2,-1.23310772835239,2,1,0.499999750000125,"AUCell","REACTOME",TRUE,"youden_dual"
