"celltype_clean","celltype.l3","TP","FP","FN","TN","Mean_Z","n","Accuracy","Balanced_Accuracy","Method","Signature","Ext","Mode"
"B-cells","B intermediate kappa",0,0,0,36,-0.528139514129225,36,1,0.499999986111112,"AddModuleScore","WP",TRUE,"gmm_dist_platelet"
"B-cells","B intermediate lambda",0,0,0,166,-0.599953049386249,166,1,0.499999996987952,"AddModuleScore","WP",TRUE,"gmm_dist_platelet"
"B-cells","B memory kappa",0,0,1,44,-0.483435543600922,45,0.977777777777778,0.499999988636364,"AddModuleScore","WP",TRUE,"gmm_dist_platelet"
"B-cells","B memory lambda",0,0,0,34,-0.507112447788094,34,1,0.499999985294118,"AddModuleScore","WP",TRUE,"gmm_dist_platelet"
"B-cells","B naive kappa",0,0,1,247,-0.637364965004525,248,0.995967741935484,0.499999997975708,"AddModuleScore","WP",TRUE,"gmm_dist_platelet"
"B-cells","B naive lambda",0,0,0,20,-0.512509202574248,20,1,0.499999975000001,"AddModuleScore","WP",TRUE,"gmm_dist_platelet"
"B-cells","Plasma",0,0,0,1,-0.0719057181440698,1,1,0.4999995000005,"AddModuleScore","WP",TRUE,"gmm_dist_platelet"
"Classical-Monocytes","CD14 Mono",11718,56,21412,131,0.636855622606511,33317,0.355644265690188,0.527116155343731,"AddModuleScore","WP",TRUE,"gmm_dist_platelet"
"Classical-Monocytes","CD16 Mono",148,2,338,4,0.459093257116348,492,0.308943089430894,0.485596651950085,"AddModuleScore","WP",TRUE,"gmm_dist_platelet"
"Classical-Monocytes","Doublet",48,0,92,0,0.551926872204634,140,0.342857142857143,0.171428570204082,"AddModuleScore","WP",TRUE,"gmm_dist_platelet"
"Classical-Monocytes","Eryth",2,0,9,0,0.36314912683548,11,0.181818181818182,0.0909090826446289,"AddModuleScore","WP",TRUE,"gmm_dist_platelet"
"Classical-Monocytes","HSPC",0,0,1,0,-0.599647714809892,1,0,0,"AddModuleScore","WP",TRUE,"gmm_dist_platelet"
"Classical-Monocytes","Platelet",62,0,0,0,6.59733258474969,62,1,0.499999991935484,"AddModuleScore","WP",TRUE,"gmm_dist_platelet"
"Classical-Monocytes","cDC1",0,0,3,0,-0.447025331571517,3,0,0,"AddModuleScore","WP",TRUE,"gmm_dist_platelet"
"Classical-Monocytes","cDC2_1",46,0,119,0,0.200198494578438,165,0.278787878787879,0.139393938549128,"AddModuleScore","WP",TRUE,"gmm_dist_platelet"
"Classical-Monocytes","cDC2_2",0,0,44,0,-0.656320505048003,44,0,0,"AddModuleScore","WP",TRUE,"gmm_dist_platelet"
"Classical-Monocytes","pDC",1,0,4,0,-0.091284796846117,5,0.2,0.099999980000004,"AddModuleScore","WP",TRUE,"gmm_dist_platelet"
"DCs","ASDC_mDC",0,0,0,1,-0.771956836771263,1,1,0.4999995000005,"AddModuleScore","WP",TRUE,"gmm_dist_platelet"
"DCs","CD14 Mono",32,2,76,7,0.276473047624771,117,0.333333333333333,0.537036992455423,"AddModuleScore","WP",TRUE,"gmm_dist_platelet"
"DCs","CD16 Mono",6,0,59,5,-0.221405904229928,70,0.157142857142857,0.546153745443807,"AddModuleScore","WP",TRUE,"gmm_dist_platelet"
"DCs","CD4 CTL",0,0,3,2,-0.32418796243869,5,0.4,0.499999750000125,"AddModuleScore","WP",TRUE,"gmm_dist_platelet"
"DCs","CD4 Naive",0,0,19,21,-0.469079082030389,40,0.525,0.499999976190477,"AddModuleScore","WP",TRUE,"gmm_dist_platelet"
"DCs","CD4 TCM_1",0,0,14,15,-0.49625176236219,29,0.517241379310345,0.499999966666669,"AddModuleScore","WP",TRUE,"gmm_dist_platelet"
"DCs","CD4 TCM_2",0,0,3,2,-0.65857799613977,5,0.4,0.499999750000125,"AddModuleScore","WP",TRUE,"gmm_dist_platelet"
"DCs","CD4 TCM_3",0,0,17,5,-0.483377226764379,22,0.227272727272727,0.49999990000002,"AddModuleScore","WP",TRUE,"gmm_dist_platelet"
"DCs","CD4 TEM_1",0,0,1,2,-0.295920465721371,3,0.666666666666667,0.499999750000125,"AddModuleScore","WP",TRUE,"gmm_dist_platelet"
"DCs","CD4 TEM_3",0,0,5,3,-0.271243417665862,8,0.375,0.499999833333389,"AddModuleScore","WP",TRUE,"gmm_dist_platelet"
"DCs","CD8 Naive",0,0,29,15,-0.502518911270549,44,0.340909090909091,0.499999966666669,"AddModuleScore","WP",TRUE,"gmm_dist_platelet"
"DCs","CD8 Naive_2",0,0,0,1,-0.633799001682116,1,1,0.4999995000005,"AddModuleScore","WP",TRUE,"gmm_dist_platelet"
"DCs","CD8 Proliferating",0,0,1,0,0.0347269430339259,1,0,0,"AddModuleScore","WP",TRUE,"gmm_dist_platelet"
"DCs","CD8 TCM_1",0,0,0,2,-0.0604545207418254,2,1,0.499999750000125,"AddModuleScore","WP",TRUE,"gmm_dist_platelet"
"DCs","CD8 TCM_2",0,0,2,2,-0.405926312975891,4,0.5,0.499999750000125,"AddModuleScore","WP",TRUE,"gmm_dist_platelet"
"DCs","CD8 TCM_3",0,0,2,1,-0.133371150944871,3,0.333333333333333,0.4999995000005,"AddModuleScore","WP",TRUE,"gmm_dist_platelet"
"DCs","CD8 TEM_1",0,0,7,2,-0.114424747963417,9,0.222222222222222,0.499999750000125,"AddModuleScore","WP",TRUE,"gmm_dist_platelet"
"DCs","CD8 TEM_2",0,0,2,0,0.134284962890349,2,0,0,"AddModuleScore","WP",TRUE,"gmm_dist_platelet"
"DCs","CD8 TEM_4",0,0,2,5,-0.0610400596168868,7,0.714285714285714,0.49999990000002,"AddModuleScore","WP",TRUE,"gmm_dist_platelet"
"DCs","CD8 TEM_5",0,0,1,0,0.166904221192978,1,0,0,"AddModuleScore","WP",TRUE,"gmm_dist_platelet"
"DCs","Doublet",10,0,6,1,1.07485803237009,17,0.647058823529412,0.812499480469251,"AddModuleScore","WP",TRUE,"gmm_dist_platelet"
"DCs","HSPC",0,0,1,0,-0.545125294708145,1,0,0,"AddModuleScore","WP",TRUE,"gmm_dist_platelet"
"DCs","MAIT",0,0,3,0,-0.33248112309151,3,0,0,"AddModuleScore","WP",TRUE,"gmm_dist_platelet"
"DCs","NK Proliferating",0,0,1,0,-0.0393653769836024,1,0,0,"AddModuleScore","WP",TRUE,"gmm_dist_platelet"
"DCs","NK_1",0,0,0,1,-0.046289354235759,1,1,0.4999995000005,"AddModuleScore","WP",TRUE,"gmm_dist_platelet"
"DCs","NK_2",0,0,1,0,-0.0842294122891153,1,0,0,"AddModuleScore","WP",TRUE,"gmm_dist_platelet"
"DCs","NK_CD56bright",0,0,0,1,-0.42778509849786,1,1,0.4999995000005,"AddModuleScore","WP",TRUE,"gmm_dist_platelet"
"DCs","Platelet",19,2,1,0,6.19644514824457,22,0.863636363636364,0.474999976250001,"AddModuleScore","WP",TRUE,"gmm_dist_platelet"
"DCs","Treg Memory",0,0,2,0,-0.652227384394682,2,0,0,"AddModuleScore","WP",TRUE,"gmm_dist_platelet"
"DCs","Treg Naive",0,0,3,1,-0.473588849232962,4,0.25,0.4999995000005,"AddModuleScore","WP",TRUE,"gmm_dist_platelet"
"DCs","cDC2_1",0,0,16,0,-0.586571623072504,16,0,0,"AddModuleScore","WP",TRUE,"gmm_dist_platelet"
"DCs","cDC2_2",0,0,38,13,-0.579243320236966,51,0.254901960784314,0.499999961538465,"AddModuleScore","WP",TRUE,"gmm_dist_platelet"
"DCs","gdT_1",0,0,1,0,-0.215414436356655,1,0,0,"AddModuleScore","WP",TRUE,"gmm_dist_platelet"
"DCs","gdT_2",0,0,0,2,0.0404845344631757,2,1,0.499999750000125,"AddModuleScore","WP",TRUE,"gmm_dist_platelet"
"DCs","gdT_3",0,0,0,1,-0.675823284343854,1,1,0.4999995000005,"AddModuleScore","WP",TRUE,"gmm_dist_platelet"
"DCs","gdT_4",0,0,1,0,-0.26772569320874,1,0,0,"AddModuleScore","WP",TRUE,"gmm_dist_platelet"
"DCs","pDC",0,0,3,0,-0.427916802560559,3,0,0,"AddModuleScore","WP",TRUE,"gmm_dist_platelet"
"Early-NK-cells","CD16 Mono",0,0,1,5,-0.37418945373947,6,0.833333333333333,0.49999990000002,"AddModuleScore","WP",TRUE,"gmm_dist_platelet"
"Early-NK-cells","CD4 Naive",0,0,0,1,-0.52858282103942,1,1,0.4999995000005,"AddModuleScore","WP",TRUE,"gmm_dist_platelet"
"Early-NK-cells","CD4 TCM_1",0,0,0,1,-0.466679280516776,1,1,0.4999995000005,"AddModuleScore","WP",TRUE,"gmm_dist_platelet"
"Early-NK-cells","CD8 TEM_1",0,0,1,0,0.372714033911501,1,0,0,"AddModuleScore","WP",TRUE,"gmm_dist_platelet"
"Early-NK-cells","CD8 TEM_2",0,0,0,2,-0.239652841596446,2,1,0.499999750000125,"AddModuleScore","WP",TRUE,"gmm_dist_platelet"
"Early-NK-cells","CD8 TEM_4",0,0,0,5,0.159373338667804,5,1,0.49999990000002,"AddModuleScore","WP",TRUE,"gmm_dist_platelet"
"Early-NK-cells","CD8 TEM_5",0,1,1,15,0.0726843078516222,17,0.882352941176471,0.468749970703127,"AddModuleScore","WP",TRUE,"gmm_dist_platelet"
"Early-NK-cells","NK Proliferating",0,0,0,30,-0.210578076876458,30,1,0.499999983333334,"AddModuleScore","WP",TRUE,"gmm_dist_platelet"
"Early-NK-cells","NK_1",1,46,11,674,0.131700999643878,732,0.922131147540984,0.509722218099923,"AddModuleScore","WP",TRUE,"gmm_dist_platelet"
"Early-NK-cells","NK_2",0,14,4,270,0.0404200087538869,288,0.9375,0.475352111002281,"AddModuleScore","WP",TRUE,"gmm_dist_platelet"
"Early-NK-cells","NK_3",0,2,1,37,0.10924929218057,40,0.925,0.474358962195924,"AddModuleScore","WP",TRUE,"gmm_dist_platelet"
"Early-NK-cells","NK_4",0,0,0,19,0.0283029788926877,19,1,0.499999973684212,"AddModuleScore","WP",TRUE,"gmm_dist_platelet"
"Early-NK-cells","NK_CD56bright",0,0,0,1,-0.37470142943553,1,1,0.4999995000005,"AddModuleScore","WP",TRUE,"gmm_dist_platelet"
"Early-NK-cells","cDC2_2",0,0,0,1,-0.592184849975595,1,1,0.4999995000005,"AddModuleScore","WP",TRUE,"gmm_dist_platelet"
"Early-NK-cells","gdT_2",0,0,0,1,-0.397509381269302,1,1,0.4999995000005,"AddModuleScore","WP",TRUE,"gmm_dist_platelet"
"Early-NK-cells","pDC",0,0,0,1,-0.436952048477484,1,1,0.4999995000005,"AddModuleScore","WP",TRUE,"gmm_dist_platelet"
"Intermediate-Monocytes","CD14 Mono",200,4,413,12,0.588840435849568,629,0.337042925278219,0.538132113327376,"AddModuleScore","WP",TRUE,"gmm_dist_platelet"
"Intermediate-Monocytes","CD16 Mono",370,7,1737,26,0.0476182403495335,2140,0.185046728971963,0.481741944845784,"AddModuleScore","WP",TRUE,"gmm_dist_platelet"
"Intermediate-Monocytes","Doublet",101,0,29,0,1.29641662531737,130,0.776923076923077,0.388461535473373,"AddModuleScore","WP",TRUE,"gmm_dist_platelet"
"Intermediate-Monocytes","Platelet",3,0,1,0,4.81000249141491,4,0.75,0.374999906250023,"AddModuleScore","WP",TRUE,"gmm_dist_platelet"
"Late-NK-cells","ASDC_mDC",0,0,0,17,-0.735307559779765,17,1,0.499999970588237,"AddModuleScore","WP",TRUE,"gmm_dist_platelet"
"Late-NK-cells","ASDC_pDC",0,0,3,7,-0.722769872893663,10,0.7,0.499999928571439,"AddModuleScore","WP",TRUE,"gmm_dist_platelet"
"Late-NK-cells","B intermediate kappa",0,0,0,4,-0.584634125001299,4,1,0.499999875000031,"AddModuleScore","WP",TRUE,"gmm_dist_platelet"
"Late-NK-cells","B intermediate lambda",0,0,0,2,-0.457105117110457,2,1,0.499999750000125,"AddModuleScore","WP",TRUE,"gmm_dist_platelet"
"Late-NK-cells","B memory kappa",0,0,0,3,-0.338062524701843,3,1,0.499999833333389,"AddModuleScore","WP",TRUE,"gmm_dist_platelet"
"Late-NK-cells","B memory lambda",0,0,0,1,-0.496645294983321,1,1,0.4999995000005,"AddModuleScore","WP",TRUE,"gmm_dist_platelet"
"Late-NK-cells","B naive kappa",0,0,0,1,-0.404253607207985,1,1,0.4999995000005,"AddModuleScore","WP",TRUE,"gmm_dist_platelet"
"Late-NK-cells","CD14 Mono",0,2,2,2,0.357684374541616,6,0.333333333333333,0.249999937500016,"AddModuleScore","WP",TRUE,"gmm_dist_platelet"
"Late-NK-cells","CD16 Mono",28,13,607,732,-0.420544130847037,1380,0.550724637681159,0.513322411185573,"AddModuleScore","WP",TRUE,"gmm_dist_platelet"
"Late-NK-cells","CD4 CTL",0,0,0,2,-0.0193095346595717,2,1,0.499999750000125,"AddModuleScore","WP",TRUE,"gmm_dist_platelet"
"Late-NK-cells","CD4 Naive",0,0,0,84,-0.342493380521921,84,1,0.499999994047619,"AddModuleScore","WP",TRUE,"gmm_dist_platelet"
"Late-NK-cells","CD4 Proliferating",0,0,0,1,-1.05326498936522,1,1,0.4999995000005,"AddModuleScore","WP",TRUE,"gmm_dist_platelet"
"Late-NK-cells","CD4 TCM_1",0,0,0,5,-0.394190558871013,5,1,0.49999990000002,"AddModuleScore","WP",TRUE,"gmm_dist_platelet"
"Late-NK-cells","CD4 TEM_2",0,0,0,1,-0.377688192057792,1,1,0.4999995000005,"AddModuleScore","WP",TRUE,"gmm_dist_platelet"
"Late-NK-cells","CD8 Naive",0,0,1,258,-0.446279182643724,259,0.996138996138996,0.499999998062016,"AddModuleScore","WP",TRUE,"gmm_dist_platelet"
"Late-NK-cells","CD8 Naive_2",0,0,1,2,-0.199111001747776,3,0.666666666666667,0.499999750000125,"AddModuleScore","WP",TRUE,"gmm_dist_platelet"
"Late-NK-cells","CD8 Proliferating",0,0,0,2,-0.359877224646068,2,1,0.499999750000125,"AddModuleScore","WP",TRUE,"gmm_dist_platelet"
"Late-NK-cells","CD8 TCM_1",0,0,0,5,-0.184929765473128,5,1,0.49999990000002,"AddModuleScore","WP",TRUE,"gmm_dist_platelet"
"Late-NK-cells","CD8 TCM_2",0,0,0,9,-0.272844339543429,9,1,0.499999944444451,"AddModuleScore","WP",TRUE,"gmm_dist_platelet"
"Late-NK-cells","CD8 TEM_1",0,1,0,36,0.0805879017320388,37,0.972972972972973,0.486486473338203,"AddModuleScore","WP",TRUE,"gmm_dist_platelet"
"Late-NK-cells","CD8 TEM_2",0,2,0,72,0.074325975665918,74,0.972972972972973,0.486486479912345,"AddModuleScore","WP",TRUE,"gmm_dist_platelet"
"Late-NK-cells","CD8 TEM_3",0,0,0,9,0.0655510328412049,9,1,0.499999944444451,"AddModuleScore","WP",TRUE,"gmm_dist_platelet"
"Late-NK-cells","CD8 TEM_4",0,2,1,37,0.145381833466501,40,0.925,0.474358962195924,"AddModuleScore","WP",TRUE,"gmm_dist_platelet"
"Late-NK-cells","CD8 TEM_5",0,4,2,46,0.182342177553305,52,0.884615384615385,0.4599999908,"AddModuleScore","WP",TRUE,"gmm_dist_platelet"
"Late-NK-cells","CD8 TEM_6",0,0,0,81,-0.23747179133827,81,1,0.499999993827161,"AddModuleScore","WP",TRUE,"gmm_dist_platelet"
"Late-NK-cells","Doublet",8,0,9,0,0.985645445158373,17,0.470588235294118,0.235294103806229,"AddModuleScore","WP",TRUE,"gmm_dist_platelet"
"Late-NK-cells","HSPC",0,0,1,30,-0.500942303610656,31,0.967741935483871,0.499999983333334,"AddModuleScore","WP",TRUE,"gmm_dist_platelet"
"Late-NK-cells","ILC",0,0,1,89,-0.42741614962034,90,0.988888888888889,0.499999994382023,"AddModuleScore","WP",TRUE,"gmm_dist_platelet"
"Late-NK-cells","MAIT",1,0,0,11,-0.251671391170042,12,1,0.999999454545959,"AddModuleScore","WP",TRUE,"gmm_dist_platelet"
"Late-NK-cells","NK Proliferating",0,3,7,390,-0.292014319171627,400,0.975,0.496183204844318,"AddModuleScore","WP",TRUE,"gmm_dist_platelet"
"Late-NK-cells","NK_1",2,163,22,2524,0.136583611652611,2711,0.931759498340096,0.511335440341918,"AddModuleScore","WP",TRUE,"gmm_dist_platelet"
"Late-NK-cells","NK_2",7,446,80,8142,0.0329405021548714,8675,0.939365994236311,0.514263419705209,"AddModuleScore","WP",TRUE,"gmm_dist_platelet"
"Late-NK-cells","NK_3",1,122,7,1774,0.128018118152059,1904,0.932247899159664,0.530326996160166,"AddModuleScore","WP",TRUE,"gmm_dist_platelet"
"Late-NK-cells","NK_4",2,26,9,1244,-0.150246409270518,1281,0.972677595628415,0.580672861786547,"AddModuleScore","WP",TRUE,"gmm_dist_platelet"
"Late-NK-cells","NK_CD56bright",0,1,8,645,-0.379945803373879,654,0.986238532110092,0.499226005419155,"AddModuleScore","WP",TRUE,"gmm_dist_platelet"
"Late-NK-cells","Platelet",7,0,1,2,2.75838485019982,10,0.9,0.937499695312632,"AddModuleScore","WP",TRUE,"gmm_dist_platelet"
"Late-NK-cells","Treg Memory",0,0,0,4,-0.395983533765617,4,1,0.499999875000031,"AddModuleScore","WP",TRUE,"gmm_dist_platelet"
"Late-NK-cells","Treg Naive",0,0,0,11,-0.402989636985662,11,1,0.499999954545459,"AddModuleScore","WP",TRUE,"gmm_dist_platelet"
"Late-NK-cells","cDC1",0,0,7,2,-0.537964582176045,9,0.222222222222222,0.499999750000125,"AddModuleScore","WP",TRUE,"gmm_dist_platelet"
"Late-NK-cells","cDC2_1",0,0,3,1,-0.573027059560667,4,0.25,0.4999995000005,"AddModuleScore","WP",TRUE,"gmm_dist_platelet"
"Late-NK-cells","cDC2_2",0,0,51,113,-0.646429991660948,164,0.689024390243902,0.499999995575221,"AddModuleScore","WP",TRUE,"gmm_dist_platelet"
"Late-NK-cells","dnT_1",0,0,0,5,-0.530125103025618,5,1,0.49999990000002,"AddModuleScore","WP",TRUE,"gmm_dist_platelet"
"Late-NK-cells","dnT_2",0,0,0,5,-0.356845318226034,5,1,0.49999990000002,"AddModuleScore","WP",TRUE,"gmm_dist_platelet"
"Late-NK-cells","gdT_1",0,0,0,1,0.0662579593127849,1,1,0.4999995000005,"AddModuleScore","WP",TRUE,"gmm_dist_platelet"
"Late-NK-cells","gdT_2",0,1,0,8,0.086082223903606,9,0.888888888888889,0.444444395061734,"AddModuleScore","WP",TRUE,"gmm_dist_platelet"
"Late-NK-cells","gdT_3",0,0,0,82,-0.327689900996914,82,1,0.499999993902439,"AddModuleScore","WP",TRUE,"gmm_dist_platelet"
"Late-NK-cells","gdT_4",0,1,0,10,0.142622107704251,11,0.909090909090909,0.454545413223144,"AddModuleScore","WP",TRUE,"gmm_dist_platelet"
"Late-NK-cells","pDC",4,0,346,191,-0.53617255949026,541,0.360443622920518,0.505714283080158,"AddModuleScore","WP",TRUE,"gmm_dist_platelet"
"Monocytes","ASDC_mDC",0,0,3,1,-0.73391977878413,4,0.25,0.4999995000005,"AddModuleScore","WP",TRUE,"gmm_dist_platelet"
"Monocytes","CD14 Mono",99,0,207,1,0.340715205013929,307,0.325732899022801,0.66176420535421,"AddModuleScore","WP",TRUE,"gmm_dist_platelet"
"Monocytes","CD16 Mono",33,2,38,4,0.876529137771295,77,0.480519480519481,0.56572764070181,"AddModuleScore","WP",TRUE,"gmm_dist_platelet"
"Monocytes","CD4 TEM_1",0,0,1,0,-0.305999511791083,1,0,0,"AddModuleScore","WP",TRUE,"gmm_dist_platelet"
"Monocytes","Doublet",3,0,0,0,1.5845579969059,3,1,0.499999833333389,"AddModuleScore","WP",TRUE,"gmm_dist_platelet"
"Monocytes","HSPC",0,0,28,0,-0.51375528874755,28,0,0,"AddModuleScore","WP",TRUE,"gmm_dist_platelet"
"Monocytes","NK Proliferating",0,0,2,0,-0.631969337270068,2,0,0,"AddModuleScore","WP",TRUE,"gmm_dist_platelet"
"Monocytes","NK_1",0,0,1,0,0.475391709198703,1,0,0,"AddModuleScore","WP",TRUE,"gmm_dist_platelet"
"Monocytes","NK_2",0,0,3,0,0.0415303464643683,3,0,0,"AddModuleScore","WP",TRUE,"gmm_dist_platelet"
"Monocytes","NK_4",0,0,2,0,-0.25187080715904,2,0,0,"AddModuleScore","WP",TRUE,"gmm_dist_platelet"
"Monocytes","NK_CD56bright",0,0,4,0,-0.581264682073996,4,0,0,"AddModuleScore","WP",TRUE,"gmm_dist_platelet"
"Monocytes","Platelet",14,0,0,0,7.50117677881102,14,1,0.499999964285717,"AddModuleScore","WP",TRUE,"gmm_dist_platelet"
"Monocytes","cDC1",0,0,15,0,-0.59440634453446,15,0,0,"AddModuleScore","WP",TRUE,"gmm_dist_platelet"
"Monocytes","cDC2_1",71,0,262,0,-0.00868143796489874,333,0.213213213213213,0.106606606286467,"AddModuleScore","WP",TRUE,"gmm_dist_platelet"
"Monocytes","cDC2_2",5,0,1184,1,-0.562668005148113,1190,0.00504201680672269,0.502102107231701,"AddModuleScore","WP",TRUE,"gmm_dist_platelet"
"Monocytes","pDC",1,0,1,0,-0.0591188227666805,2,0.5,0.249999875000062,"AddModuleScore","WP",TRUE,"gmm_dist_platelet"
"NK-cells","NK_1",0,0,0,1,-0.0407971666038054,1,1,0.4999995000005,"AddModuleScore","WP",TRUE,"gmm_dist_platelet"
"Naive-B-cells","B intermediate kappa",0,0,0,371,-0.43539567830417,371,1,0.499999998652291,"AddModuleScore","WP",TRUE,"gmm_dist_platelet"
"Naive-B-cells","B intermediate lambda",0,0,0,534,-0.433668568355343,534,1,0.49999999906367,"AddModuleScore","WP",TRUE,"gmm_dist_platelet"
"Naive-B-cells","B memory kappa",0,1,0,397,-0.404171574849215,398,0.99748743718593,0.49874371733984,"AddModuleScore","WP",TRUE,"gmm_dist_platelet"
"Naive-B-cells","B memory lambda",0,0,0,254,-0.431112011369064,254,1,0.499999998031496,"AddModuleScore","WP",TRUE,"gmm_dist_platelet"
"Naive-B-cells","B naive kappa",0,2,0,4245,-0.390656907767503,4247,0.999529079350129,0.49976453955739,"AddModuleScore","WP",TRUE,"gmm_dist_platelet"
"Naive-B-cells","B naive lambda",0,3,0,2730,-0.393810353567922,2733,0.998902305159166,0.499451152396835,"AddModuleScore","WP",TRUE,"gmm_dist_platelet"
"Naive-B-cells","CD14 Mono",0,1,0,2,1.04382265100085,3,0.666666666666667,0.333333222222259,"AddModuleScore","WP",TRUE,"gmm_dist_platelet"
"Naive-B-cells","CD16 Mono",0,0,0,1,-0.230178220521697,1,1,0.4999995000005,"AddModuleScore","WP",TRUE,"gmm_dist_platelet"
"Naive-B-cells","Doublet",0,1,0,0,3.27384703215121,1,0,0,"AddModuleScore","WP",TRUE,"gmm_dist_platelet"
"Naive-B-cells","NK Proliferating",0,0,0,1,-0.291419706214246,1,1,0.4999995000005,"AddModuleScore","WP",TRUE,"gmm_dist_platelet"
"Naive-B-cells","NK_1",0,2,0,16,0.207926555406059,18,0.888888888888889,0.444444419753088,"AddModuleScore","WP",TRUE,"gmm_dist_platelet"
"Naive-B-cells","NK_2",0,0,0,3,-0.266764904891696,3,1,0.499999833333389,"AddModuleScore","WP",TRUE,"gmm_dist_platelet"
"Naive-B-cells","NK_3",0,0,0,1,0.105512676014235,1,1,0.4999995000005,"AddModuleScore","WP",TRUE,"gmm_dist_platelet"
"Naive-B-cells","NK_4",0,1,0,2,0.0627972395153443,3,0.666666666666667,0.333333222222259,"AddModuleScore","WP",TRUE,"gmm_dist_platelet"
"Naive-B-cells","NK_CD56bright",0,0,0,1,-0.452888964666035,1,1,0.4999995000005,"AddModuleScore","WP",TRUE,"gmm_dist_platelet"
"Naive-B-cells","Platelet",0,4,0,0,3.160847374532,4,0,0,"AddModuleScore","WP",TRUE,"gmm_dist_platelet"
"Naive-B-cells","cDC2_2",0,0,0,1,-0.278369354575899,1,1,0.4999995000005,"AddModuleScore","WP",TRUE,"gmm_dist_platelet"
"Naive-B-cells","gdT_4",0,0,0,1,0.0388613371274255,1,1,0.4999995000005,"AddModuleScore","WP",TRUE,"gmm_dist_platelet"
"Neutrophils","CD14 Mono",87,28,117,55,0.884866590180337,287,0.494773519163763,0.544560590285324,"AddModuleScore","WP",TRUE,"gmm_dist_platelet"
"Neutrophils","Doublet",0,0,4,0,-0.131779081343871,4,0,0,"AddModuleScore","WP",TRUE,"gmm_dist_platelet"
"Neutrophils","NK_1",0,1,0,0,0.554063058627914,1,0,0,"AddModuleScore","WP",TRUE,"gmm_dist_platelet"
"Neutrophils","NK_2",0,1,0,2,0.0293212360157195,3,0.666666666666667,0.333333222222259,"AddModuleScore","WP",TRUE,"gmm_dist_platelet"
"Neutrophils","NK_3",0,0,0,1,-0.0768623618317229,1,1,0.4999995000005,"AddModuleScore","WP",TRUE,"gmm_dist_platelet"
"Neutrophils","Platelet",1,0,0,0,7.13879746091526,1,1,0.4999995000005,"AddModuleScore","WP",TRUE,"gmm_dist_platelet"
"Non-classical-Monocytes","CD14 Mono",3,1,3,2,0.314203732166997,9,0.555555555555556,0.583333180555599,"AddModuleScore","WP",TRUE,"gmm_dist_platelet"
"Non-classical-Monocytes","CD16 Mono",249,22,963,151,0.0367641157178848,1385,0.288808664259928,0.539138954640934,"AddModuleScore","WP",TRUE,"gmm_dist_platelet"
"Non-classical-Monocytes","Doublet",37,0,15,0,1.1719752816921,52,0.711538461538462,0.355769223927515,"AddModuleScore","WP",TRUE,"gmm_dist_platelet"
"Non-classical-Monocytes","NK Proliferating",0,0,0,1,-0.013650836363692,1,1,0.4999995000005,"AddModuleScore","WP",TRUE,"gmm_dist_platelet"
"Non-classical-Monocytes","NK_1",0,0,0,2,0.170367739827023,2,1,0.499999750000125,"AddModuleScore","WP",TRUE,"gmm_dist_platelet"
"Non-classical-Monocytes","NK_2",0,1,1,19,0.122857145344563,21,0.904761904761905,0.474999976250001,"AddModuleScore","WP",TRUE,"gmm_dist_platelet"
"Non-classical-Monocytes","NK_4",0,0,0,2,-0.310436760490455,2,1,0.499999750000125,"AddModuleScore","WP",TRUE,"gmm_dist_platelet"
"Non-classical-Monocytes","Platelet",1,0,0,0,6.95725008389867,1,1,0.4999995000005,"AddModuleScore","WP",TRUE,"gmm_dist_platelet"
"Non-classical-Monocytes","cDC2_1",1,0,1,1,0.123705529457685,3,0.666666666666667,0.749999375000562,"AddModuleScore","WP",TRUE,"gmm_dist_platelet"
"Non-classical-Monocytes","cDC2_2",0,0,5,2,-0.313292024677735,7,0.285714285714286,0.499999750000125,"AddModuleScore","WP",TRUE,"gmm_dist_platelet"
"Non-classical-Monocytes","pDC",0,0,2,0,-0.603993883810017,2,0,0,"AddModuleScore","WP",TRUE,"gmm_dist_platelet"
"T-cells-CD4","ASDC_mDC",0,0,0,1,-0.850342775001732,1,1,0.4999995000005,"AddModuleScore","WP",TRUE,"gmm_dist_platelet"
"T-cells-CD4","CD14 Mono",1,0,1,5,-0.146300218275241,7,0.857142857142857,0.749999775000082,"AddModuleScore","WP",TRUE,"gmm_dist_platelet"
"T-cells-CD4","CD16 Mono",0,0,0,5,-0.5966147278636,5,1,0.49999990000002,"AddModuleScore","WP",TRUE,"gmm_dist_platelet"
"T-cells-CD4","CD4 CTL",3,49,40,1410,0.0482072156945372,1502,0.940745672436751,0.518091396278539,"AddModuleScore","WP",TRUE,"gmm_dist_platelet"
"T-cells-CD4","CD4 Naive",0,9,20,17030,-0.419286836264065,17059,0.998300017586025,0.499735899964802,"AddModuleScore","WP",TRUE,"gmm_dist_platelet"
"T-cells-CD4","CD4 Proliferating",0,0,3,9,-0.849816018373399,12,0.75,0.499999944444451,"AddModuleScore","WP",TRUE,"gmm_dist_platelet"
"T-cells-CD4","CD4 TCM_1",0,4,8,7231,-0.454470978227133,7243,0.998343227944222,0.499723565929548,"AddModuleScore","WP",TRUE,"gmm_dist_platelet"
"T-cells-CD4","CD4 TCM_2",0,0,10,311,-0.535385056261568,321,0.968847352024922,0.499999998392283,"AddModuleScore","WP",TRUE,"gmm_dist_platelet"
"T-cells-CD4","CD4 TCM_3",0,6,17,5797,-0.398508823356733,5820,0.996048109965636,0.49948302593495,"AddModuleScore","WP",TRUE,"gmm_dist_platelet"
"T-cells-CD4","CD4 TEM_1",0,1,4,1478,-0.203919855339552,1483,0.996628455832771,0.499661933401175,"AddModuleScore","WP",TRUE,"gmm_dist_platelet"
"T-cells-CD4","CD4 TEM_2",0,3,1,390,-0.242024305519596,394,0.989847715736041,0.496183204844318,"AddModuleScore","WP",TRUE,"gmm_dist_platelet"
"T-cells-CD4","CD4 TEM_3",0,3,7,1879,-0.23974749927103,1889,0.994706193753309,0.499202975292666,"AddModuleScore","WP",TRUE,"gmm_dist_platelet"
"T-cells-CD4","CD4 TEM_4",0,0,1,76,-0.249154914846151,77,0.987012987012987,0.499999993421053,"AddModuleScore","WP",TRUE,"gmm_dist_platelet"
"T-cells-CD4","CD8 Naive",0,0,0,1,-0.631451612891496,1,1,0.4999995000005,"AddModuleScore","WP",TRUE,"gmm_dist_platelet"
"T-cells-CD4","CD8 Proliferating",0,0,0,6,-0.201233226577098,6,1,0.499999916666681,"AddModuleScore","WP",TRUE,"gmm_dist_platelet"
"T-cells-CD4","CD8 TCM_2",0,0,0,1,-0.727314202165089,1,1,0.4999995000005,"AddModuleScore","WP",TRUE,"gmm_dist_platelet"
"T-cells-CD4","CD8 TCM_3",0,0,0,8,-0.109523972223601,8,1,0.499999937500008,"AddModuleScore","WP",TRUE,"gmm_dist_platelet"
"T-cells-CD4","CD8 TEM_4",0,0,0,4,-0.00967620437283398,4,1,0.499999875000031,"AddModuleScore","WP",TRUE,"gmm_dist_platelet"
"T-cells-CD4","Doublet",0,0,0,21,-0.380617265235379,21,1,0.499999976190477,"AddModuleScore","WP",TRUE,"gmm_dist_platelet"
"T-cells-CD4","Eryth",0,0,0,3,-0.209985839035096,3,1,0.499999833333389,"AddModuleScore","WP",TRUE,"gmm_dist_platelet"
"T-cells-CD4","HSPC",0,0,0,5,-0.472525958003043,5,1,0.49999990000002,"AddModuleScore","WP",TRUE,"gmm_dist_platelet"
"T-cells-CD4","MAIT",0,0,0,690,-0.0986895898065277,690,1,0.499999999275362,"AddModuleScore","WP",TRUE,"gmm_dist_platelet"
"T-cells-CD4","NK Proliferating",0,0,0,2,-0.461339749029618,2,1,0.499999750000125,"AddModuleScore","WP",TRUE,"gmm_dist_platelet"
"T-cells-CD4","NK_1",0,0,0,4,0.155175002683148,4,1,0.499999875000031,"AddModuleScore","WP",TRUE,"gmm_dist_platelet"
"T-cells-CD4","NK_2",0,0,0,4,-0.124579786769263,4,1,0.499999875000031,"AddModuleScore","WP",TRUE,"gmm_dist_platelet"
"T-cells-CD4","NK_3",0,0,0,1,0.219011014493179,1,1,0.4999995000005,"AddModuleScore","WP",TRUE,"gmm_dist_platelet"
"T-cells-CD4","NK_CD56bright",0,0,0,2,-0.630167759391905,2,1,0.499999750000125,"AddModuleScore","WP",TRUE,"gmm_dist_platelet"
"T-cells-CD4","Platelet",4,1,1,13,1.08535635702792,19,0.894736842105263,0.864285601122467,"AddModuleScore","WP",TRUE,"gmm_dist_platelet"
"T-cells-CD4","Treg Memory",0,4,2,1102,-0.463305662731716,1108,0.994584837545126,0.498191681285541,"AddModuleScore","WP",TRUE,"gmm_dist_platelet"
"T-cells-CD4","Treg Naive",0,1,1,1254,-0.430364754781266,1256,0.998407643312102,0.499601593227409,"AddModuleScore","WP",TRUE,"gmm_dist_platelet"
"T-cells-CD4","cDC1",0,0,1,1,-0.701681286103638,2,0.5,0.4999995000005,"AddModuleScore","WP",TRUE,"gmm_dist_platelet"
"T-cells-CD4","cDC2_1",0,0,2,2,-0.431391345469646,4,0.5,0.499999750000125,"AddModuleScore","WP",TRUE,"gmm_dist_platelet"
"T-cells-CD4","cDC2_2",0,0,1,8,-0.70478712636689,9,0.888888888888889,0.499999937500008,"AddModuleScore","WP",TRUE,"gmm_dist_platelet"
"T-cells-CD4","dnT_1",0,0,0,10,-0.443566592087308,10,1,0.499999950000005,"AddModuleScore","WP",TRUE,"gmm_dist_platelet"
"T-cells-CD4","dnT_2",0,0,0,14,-0.461035342460576,14,1,0.499999964285717,"AddModuleScore","WP",TRUE,"gmm_dist_platelet"
"T-cells-CD4","gdT_1",0,0,0,7,-0.146752244192552,7,1,0.499999928571439,"AddModuleScore","WP",TRUE,"gmm_dist_platelet"
"T-cells-CD4","gdT_2",0,0,0,3,0.246920857332771,3,1,0.499999833333389,"AddModuleScore","WP",TRUE,"gmm_dist_platelet"
"T-cells-CD4","gdT_3",0,0,0,5,-0.434882555164304,5,1,0.49999990000002,"AddModuleScore","WP",TRUE,"gmm_dist_platelet"
"T-cells-CD4","gdT_4",0,0,0,1,0.300682743512311,1,1,0.4999995000005,"AddModuleScore","WP",TRUE,"gmm_dist_platelet"
"T-cells-CD4","pDC",1,0,3,0,0.00310159606469651,4,0.25,0.124999968750008,"AddModuleScore","WP",TRUE,"gmm_dist_platelet"
"T-cells-CD8","CD14 Mono",0,1,0,2,0.599409021371656,3,0.666666666666667,0.333333222222259,"AddModuleScore","WP",TRUE,"gmm_dist_platelet"
"T-cells-CD8","CD4 Naive",0,0,0,2,-0.478468062420139,2,1,0.499999750000125,"AddModuleScore","WP",TRUE,"gmm_dist_platelet"
"T-cells-CD8","CD4 TCM_1",0,0,0,3,-0.39157461788515,3,1,0.499999833333389,"AddModuleScore","WP",TRUE,"gmm_dist_platelet"
"T-cells-CD8","CD4 TCM_3",0,0,0,3,-0.630245004228053,3,1,0.499999833333389,"AddModuleScore","WP",TRUE,"gmm_dist_platelet"
"T-cells-CD8","CD4 TEM_3",0,0,0,1,-0.412596490906352,1,1,0.4999995000005,"AddModuleScore","WP",TRUE,"gmm_dist_platelet"
"T-cells-CD8","CD8 Naive",0,2,22,9856,-0.478715866161051,9880,0.997570850202429,0.499898559494837,"AddModuleScore","WP",TRUE,"gmm_dist_platelet"
"T-cells-CD8","CD8 Naive_2",0,1,7,151,-0.442956323346826,159,0.949685534591195,0.496710523047957,"AddModuleScore","WP",TRUE,"gmm_dist_platelet"
"T-cells-CD8","CD8 Proliferating",0,0,2,32,-0.236369250450153,34,0.941176470588235,0.499999984375001,"AddModuleScore","WP",TRUE,"gmm_dist_platelet"
"T-cells-CD8","CD8 TCM_1",0,0,6,683,-0.158015943798093,689,0.991291727140784,0.499999999267936,"AddModuleScore","WP",TRUE,"gmm_dist_platelet"
"T-cells-CD8","CD8 TCM_2",0,0,9,1001,-0.448676917465019,1010,0.991089108910891,0.4999999995005,"AddModuleScore","WP",TRUE,"gmm_dist_platelet"
"T-cells-CD8","CD8 TCM_3",0,2,2,457,-0.137030207506434,461,0.991323210412148,0.497821349677949,"AddModuleScore","WP",TRUE,"gmm_dist_platelet"
"T-cells-CD8","CD8 TEM_1",1,41,14,2257,-0.0191317046301848,2313,0.976221357544315,0.524412530201155,"AddModuleScore","WP",TRUE,"gmm_dist_platelet"
"T-cells-CD8","CD8 TEM_2",2,83,20,2002,0.0845390518806138,2107,0.951115329852871,0.525550466419559,"AddModuleScore","WP",TRUE,"gmm_dist_platelet"
"T-cells-CD8","CD8 TEM_3",0,3,4,262,0.0107696419550203,269,0.973977695167286,0.494339620776077,"AddModuleScore","WP",TRUE,"gmm_dist_platelet"
"T-cells-CD8","CD8 TEM_4",0,114,40,2920,0.0742287459136459,3074,0.949902407286923,0.481212920078704,"AddModuleScore","WP",TRUE,"gmm_dist_platelet"
"T-cells-CD8","CD8 TEM_5",2,65,12,1666,0.123157491828401,1745,0.955873925501433,0.55265329164067,"AddModuleScore","WP",TRUE,"gmm_dist_platelet"
"T-cells-CD8","CD8 TEM_6",0,0,2,298,-0.242181866193576,300,0.993333333333333,0.499999998322148,"AddModuleScore","WP",TRUE,"gmm_dist_platelet"
"T-cells-CD8","Eryth",0,1,0,7,-0.0386251141295694,8,0.875,0.437499945312507,"AddModuleScore","WP",TRUE,"gmm_dist_platelet"
"T-cells-CD8","MAIT",0,8,11,1306,-0.153914919450598,1325,0.985660377358491,0.496955859591358,"AddModuleScore","WP",TRUE,"gmm_dist_platelet"
"T-cells-CD8","NK Proliferating",0,0,0,8,-0.277970482702275,8,1,0.499999937500008,"AddModuleScore","WP",TRUE,"gmm_dist_platelet"
"T-cells-CD8","NK_1",0,0,0,2,0.155909823415796,2,1,0.499999750000125,"AddModuleScore","WP",TRUE,"gmm_dist_platelet"
"T-cells-CD8","NK_2",0,1,0,10,-0.0141703558886691,11,0.909090909090909,0.454545413223144,"AddModuleScore","WP",TRUE,"gmm_dist_platelet"
"T-cells-CD8","NK_4",0,0,0,2,-0.188241887361245,2,1,0.499999750000125,"AddModuleScore","WP",TRUE,"gmm_dist_platelet"
"T-cells-CD8","NK_CD56bright",0,0,0,4,-0.0309367129398084,4,1,0.499999875000031,"AddModuleScore","WP",TRUE,"gmm_dist_platelet"
"T-cells-CD8","Platelet",0,0,0,17,-0.354658905512862,17,1,0.499999970588237,"AddModuleScore","WP",TRUE,"gmm_dist_platelet"
"T-cells-CD8","Treg Memory",0,0,1,1,-0.46519617370223,2,0.5,0.4999995000005,"AddModuleScore","WP",TRUE,"gmm_dist_platelet"
"T-cells-CD8","Treg Naive",0,0,0,1,-0.599249032854873,1,1,0.4999995000005,"AddModuleScore","WP",TRUE,"gmm_dist_platelet"
"T-cells-CD8","dnT_1",0,0,0,9,-0.420527271085016,9,1,0.499999944444451,"AddModuleScore","WP",TRUE,"gmm_dist_platelet"
"T-cells-CD8","gdT_1",0,1,1,36,0.0374725031543389,38,0.947368421052632,0.486486473338203,"AddModuleScore","WP",TRUE,"gmm_dist_platelet"
"T-cells-CD8","gdT_2",0,6,0,108,0.147301129070262,114,0.947368421052632,0.473684206371191,"AddModuleScore","WP",TRUE,"gmm_dist_platelet"
"T-cells-CD8","gdT_3",0,0,0,8,-0.287073960799424,8,1,0.499999937500008,"AddModuleScore","WP",TRUE,"gmm_dist_platelet"
"T-cells-CD8","gdT_4",0,3,0,46,0.0829498999478544,49,0.938775510204082,0.469387745522699,"AddModuleScore","WP",TRUE,"gmm_dist_platelet"
"Total-memory-B-cells","B intermediate kappa",0,1,13,617,-0.482542141369468,631,0.977812995245642,0.499190937703575,"AddModuleScore","WP",TRUE,"gmm_dist_platelet"
"Total-memory-B-cells","B intermediate lambda",0,0,22,532,-0.503180687242648,554,0.96028880866426,0.49999999906015,"AddModuleScore","WP",TRUE,"gmm_dist_platelet"
"Total-memory-B-cells","B memory kappa",2,1,35,1457,-0.447523412720008,1495,0.975919732441472,0.526684090425746,"AddModuleScore","WP",TRUE,"gmm_dist_platelet"
"Total-memory-B-cells","B memory lambda",2,0,27,900,-0.443355078673913,929,0.970936490850377,0.534482756876073,"AddModuleScore","WP",TRUE,"gmm_dist_platelet"
"Total-memory-B-cells","B naive kappa",0,0,3,155,-0.528325349900958,158,0.981012658227848,0.499999996774194,"AddModuleScore","WP",TRUE,"gmm_dist_platelet"
"Total-memory-B-cells","B naive lambda",0,0,2,34,-0.436175824980045,36,0.944444444444444,0.499999985294118,"AddModuleScore","WP",TRUE,"gmm_dist_platelet"
"Total-memory-B-cells","CD4 Naive",0,0,0,1,-0.264801935756389,1,1,0.4999995000005,"AddModuleScore","WP",TRUE,"gmm_dist_platelet"
"Total-memory-B-cells","CD4 TCM_3",0,0,0,2,-0.170693097781405,2,1,0.499999750000125,"AddModuleScore","WP",TRUE,"gmm_dist_platelet"
"Total-memory-B-cells","CD8 Naive",0,0,0,1,-0.599249690743799,1,1,0.4999995000005,"AddModuleScore","WP",TRUE,"gmm_dist_platelet"
"Total-memory-B-cells","CD8 TEM_2",0,0,0,1,0.0793851840671423,1,1,0.4999995000005,"AddModuleScore","WP",TRUE,"gmm_dist_platelet"
"Total-memory-B-cells","CD8 TEM_6",0,0,0,1,-0.0659722997576075,1,1,0.4999995000005,"AddModuleScore","WP",TRUE,"gmm_dist_platelet"
"Total-memory-B-cells","Doublet",0,1,0,0,0.999546499135443,1,0,0,"AddModuleScore","WP",TRUE,"gmm_dist_platelet"
"Total-memory-B-cells","Eryth",0,0,0,1,0.0115004585478411,1,1,0.4999995000005,"AddModuleScore","WP",TRUE,"gmm_dist_platelet"
"Total-memory-B-cells","ILC",0,0,0,1,-0.332613668021975,1,1,0.4999995000005,"AddModuleScore","WP",TRUE,"gmm_dist_platelet"
"Total-memory-B-cells","NK_3",0,0,0,1,0.422164895427661,1,1,0.4999995000005,"AddModuleScore","WP",TRUE,"gmm_dist_platelet"
"Total-memory-B-cells","Plasma",0,0,1,3,-0.115685964373442,4,0.75,0.499999833333389,"AddModuleScore","WP",TRUE,"gmm_dist_platelet"
"Total-memory-B-cells","Platelet",1,1,0,0,5.10912502818635,2,0.5,0.4999995000005,"AddModuleScore","WP",TRUE,"gmm_dist_platelet"
"cDC1","ASDC_mDC",0,0,0,1,-0.349177427943036,1,1,0.4999995000005,"AddModuleScore","WP",TRUE,"gmm_dist_platelet"
"cDC1","CD14 Mono",0,0,0,1,-0.776258205722462,1,1,0.4999995000005,"AddModuleScore","WP",TRUE,"gmm_dist_platelet"
"cDC1","cDC1",0,0,14,31,-0.599634802887009,45,0.688888888888889,0.499999983870968,"AddModuleScore","WP",TRUE,"gmm_dist_platelet"
"cDC1","cDC2_1",0,0,0,1,-0.540580943477478,1,1,0.4999995000005,"AddModuleScore","WP",TRUE,"gmm_dist_platelet"
"cDC1","cDC2_2",0,0,1,5,-0.534181026942842,6,0.833333333333333,0.49999990000002,"AddModuleScore","WP",TRUE,"gmm_dist_platelet"
"cDC2","CD14 Mono",680,566,2438,1508,0.230009973675188,5192,0.421417565485362,0.472592957098005,"AddModuleScore","WP",TRUE,"gmm_dist_platelet"
"cDC2","CD16 Mono",16,20,157,75,-0.148003992207711,268,0.33955223880597,0.440979612249313,"AddModuleScore","WP",TRUE,"gmm_dist_platelet"
"cDC2","CD4 CTL",0,0,1,0,0.379251610913767,1,0,0,"AddModuleScore","WP",TRUE,"gmm_dist_platelet"
"cDC2","CD4 Naive",0,0,9,13,-0.41384759466932,22,0.590909090909091,0.499999961538465,"AddModuleScore","WP",TRUE,"gmm_dist_platelet"
"cDC2","CD4 TCM_1",0,0,9,13,-0.485098530909282,22,0.590909090909091,0.499999961538465,"AddModuleScore","WP",TRUE,"gmm_dist_platelet"
"cDC2","CD4 TCM_3",0,0,1,6,-0.430719409204496,7,0.857142857142857,0.499999916666681,"AddModuleScore","WP",TRUE,"gmm_dist_platelet"
"cDC2","CD4 TEM_1",0,0,1,2,-0.386040015808056,3,0.666666666666667,0.499999750000125,"AddModuleScore","WP",TRUE,"gmm_dist_platelet"
"cDC2","CD4 TEM_2",0,0,0,1,-0.492912516008172,1,1,0.4999995000005,"AddModuleScore","WP",TRUE,"gmm_dist_platelet"
"cDC2","CD4 TEM_3",0,0,1,1,-0.432115576080784,2,0.5,0.4999995000005,"AddModuleScore","WP",TRUE,"gmm_dist_platelet"
"cDC2","CD8 Naive",0,0,3,14,-0.46786751423646,17,0.823529411764706,0.499999964285717,"AddModuleScore","WP",TRUE,"gmm_dist_platelet"
"cDC2","CD8 TCM_2",0,0,1,0,-0.237219856107679,1,0,0,"AddModuleScore","WP",TRUE,"gmm_dist_platelet"
"cDC2","CD8 TEM_1",0,0,5,4,-0.0627952345416247,9,0.444444444444444,0.499999875000031,"AddModuleScore","WP",TRUE,"gmm_dist_platelet"
"cDC2","CD8 TEM_4",0,0,1,1,0.0468246625999587,2,0.5,0.4999995000005,"AddModuleScore","WP",TRUE,"gmm_dist_platelet"
"cDC2","CD8 TEM_5",0,0,1,1,-0.0488213049295243,2,0.5,0.4999995000005,"AddModuleScore","WP",TRUE,"gmm_dist_platelet"
"cDC2","Doublet",15,2,11,6,0.872199060403678,34,0.617647058823529,0.66346148049187,"AddModuleScore","WP",TRUE,"gmm_dist_platelet"
"cDC2","Eryth",0,0,1,0,0.132638059043272,1,0,0,"AddModuleScore","WP",TRUE,"gmm_dist_platelet"
"cDC2","HSPC",0,0,3,1,-0.682092070702942,4,0.25,0.4999995000005,"AddModuleScore","WP",TRUE,"gmm_dist_platelet"
"cDC2","MAIT",0,0,1,4,-0.0675917275021484,5,0.8,0.499999875000031,"AddModuleScore","WP",TRUE,"gmm_dist_platelet"
"cDC2","NK Proliferating",0,0,0,2,-0.261748447865744,2,1,0.499999750000125,"AddModuleScore","WP",TRUE,"gmm_dist_platelet"
"cDC2","NK_2",0,0,2,6,0.0549345982520624,8,0.75,0.499999916666681,"AddModuleScore","WP",TRUE,"gmm_dist_platelet"
"cDC2","NK_4",0,0,0,1,-0.411484547097111,1,1,0.4999995000005,"AddModuleScore","WP",TRUE,"gmm_dist_platelet"
"cDC2","Platelet",9,0,1,0,5.72159337646366,10,0.9,0.449999955000005,"AddModuleScore","WP",TRUE,"gmm_dist_platelet"
"cDC2","Treg Naive",0,0,1,2,-0.424096565154636,3,0.666666666666667,0.499999750000125,"AddModuleScore","WP",TRUE,"gmm_dist_platelet"
"cDC2","cDC2_1",12,0,26,6,0.0689215496721501,44,0.409090909090909,0.657894649353661,"AddModuleScore","WP",TRUE,"gmm_dist_platelet"
"cDC2","cDC2_2",0,0,32,10,-0.56335399265502,42,0.238095238095238,0.499999950000005,"AddModuleScore","WP",TRUE,"gmm_dist_platelet"
"cDC2","gdT_1",0,0,3,0,-0.0828989153105169,3,0,0,"AddModuleScore","WP",TRUE,"gmm_dist_platelet"
"pDCs","ASDC_mDC",0,0,0,3,-0.840278389136915,3,1,0.499999833333389,"AddModuleScore","WP",TRUE,"gmm_dist_platelet"
"pDCs","ASDC_pDC",0,0,3,0,-0.585195494883231,3,0,0,"AddModuleScore","WP",TRUE,"gmm_dist_platelet"
"pDCs","pDC",1,0,8,3,-0.184189331199008,12,0.333333333333333,0.555555382716106,"AddModuleScore","WP",TRUE,"gmm_dist_platelet"
"unknown-R11","CD14 Mono",0,0,0,3,-0.47112199868638,3,1,0.499999833333389,"AddModuleScore","WP",TRUE,"gmm_dist_platelet"
"unknown-R11","CD16 Mono",0,0,0,1,-0.501052193145737,1,1,0.4999995000005,"AddModuleScore","WP",TRUE,"gmm_dist_platelet"
"unknown-R11","CD4 CTL",0,0,0,1,0.180593367139514,1,1,0.4999995000005,"AddModuleScore","WP",TRUE,"gmm_dist_platelet"
"unknown-R11","CD4 Naive",0,0,0,12,-0.295028879859255,12,1,0.499999958333337,"AddModuleScore","WP",TRUE,"gmm_dist_platelet"
"unknown-R11","CD4 TCM_1",0,0,0,13,-0.437464592288818,13,1,0.499999961538465,"AddModuleScore","WP",TRUE,"gmm_dist_platelet"
"unknown-R11","CD4 TCM_3",0,0,0,12,-0.40453856499451,12,1,0.499999958333337,"AddModuleScore","WP",TRUE,"gmm_dist_platelet"
"unknown-R11","CD4 TEM_1",0,0,0,2,-0.273696109663143,2,1,0.499999750000125,"AddModuleScore","WP",TRUE,"gmm_dist_platelet"
"unknown-R11","CD4 TEM_2",0,0,0,2,-0.0443781249177964,2,1,0.499999750000125,"AddModuleScore","WP",TRUE,"gmm_dist_platelet"
"unknown-R11","CD4 TEM_3",0,0,0,21,-0.472143054243741,21,1,0.499999976190477,"AddModuleScore","WP",TRUE,"gmm_dist_platelet"
"unknown-R11","CD8 Naive",0,0,0,41,-0.493124512178224,41,1,0.499999987804878,"AddModuleScore","WP",TRUE,"gmm_dist_platelet"
"unknown-R11","CD8 Naive_2",0,0,0,2,-0.38669131672582,2,1,0.499999750000125,"AddModuleScore","WP",TRUE,"gmm_dist_platelet"
"unknown-R11","CD8 TCM_1",0,0,0,3,-0.108358658115084,3,1,0.499999833333389,"AddModuleScore","WP",TRUE,"gmm_dist_platelet"
"unknown-R11","CD8 TCM_2",0,0,0,45,-0.496489462214679,45,1,0.499999988888889,"AddModuleScore","WP",TRUE,"gmm_dist_platelet"
"unknown-R11","CD8 TCM_3",0,0,0,5,-0.516482690552068,5,1,0.49999990000002,"AddModuleScore","WP",TRUE,"gmm_dist_platelet"
"unknown-R11","CD8 TEM_1",0,2,0,34,0.0291531586564347,36,0.944444444444444,0.472222209104939,"AddModuleScore","WP",TRUE,"gmm_dist_platelet"
"unknown-R11","CD8 TEM_2",0,3,0,29,0.165996180867883,32,0.90625,0.453124985839844,"AddModuleScore","WP",TRUE,"gmm_dist_platelet"
"unknown-R11","CD8 TEM_3",0,0,0,2,-0.0926686963728614,2,1,0.499999750000125,"AddModuleScore","WP",TRUE,"gmm_dist_platelet"
"unknown-R11","CD8 TEM_4",0,5,0,38,0.157490706358449,43,0.883720930232558,0.441860454840455,"AddModuleScore","WP",TRUE,"gmm_dist_platelet"
"unknown-R11","CD8 TEM_5",0,2,0,28,0.101875660768253,30,0.933333333333333,0.466666651111112,"AddModuleScore","WP",TRUE,"gmm_dist_platelet"
"unknown-R11","CD8 TEM_6",0,0,0,13,-0.141988066004766,13,1,0.499999961538465,"AddModuleScore","WP",TRUE,"gmm_dist_platelet"
"unknown-R11","HSPC",0,0,0,22,-0.564480885038414,22,1,0.499999977272728,"AddModuleScore","WP",TRUE,"gmm_dist_platelet"
"unknown-R11","ILC",0,0,0,2,-0.397680018489589,2,1,0.499999750000125,"AddModuleScore","WP",TRUE,"gmm_dist_platelet"
"unknown-R11","MAIT",0,6,0,412,-0.135423231755555,418,0.985645933014354,0.492822965328175,"AddModuleScore","WP",TRUE,"gmm_dist_platelet"
"unknown-R11","NK Proliferating",0,0,0,6,-0.488633291078805,6,1,0.499999916666681,"AddModuleScore","WP",TRUE,"gmm_dist_platelet"
"unknown-R11","NK_1",0,0,0,5,-0.0761998197757759,5,1,0.49999990000002,"AddModuleScore","WP",TRUE,"gmm_dist_platelet"
"unknown-R11","NK_2",0,1,0,17,-0.100975051036969,18,0.944444444444444,0.472222195987656,"AddModuleScore","WP",TRUE,"gmm_dist_platelet"
"unknown-R11","NK_3",0,2,0,6,0.130121007051371,8,0.75,0.374999953125006,"AddModuleScore","WP",TRUE,"gmm_dist_platelet"
"unknown-R11","NK_4",0,0,0,5,-0.20407901634759,5,1,0.49999990000002,"AddModuleScore","WP",TRUE,"gmm_dist_platelet"
"unknown-R11","NK_CD56bright",0,0,0,3,-0.528662832269218,3,1,0.499999833333389,"AddModuleScore","WP",TRUE,"gmm_dist_platelet"
"unknown-R11","Platelet",0,6,0,1,5.66645841814152,7,0.142857142857143,0.0714285612244912,"AddModuleScore","WP",TRUE,"gmm_dist_platelet"
"unknown-R11","Treg Memory",0,0,0,2,-0.447747581857731,2,1,0.499999750000125,"AddModuleScore","WP",TRUE,"gmm_dist_platelet"
"unknown-R11","cDC1",0,0,0,2,-0.816651328390655,2,1,0.499999750000125,"AddModuleScore","WP",TRUE,"gmm_dist_platelet"
"unknown-R11","cDC2_2",0,0,0,1,-0.836749570994482,1,1,0.4999995000005,"AddModuleScore","WP",TRUE,"gmm_dist_platelet"
"unknown-R11","dnT_1",0,0,0,161,-0.434274945284797,161,1,0.49999999689441,"AddModuleScore","WP",TRUE,"gmm_dist_platelet"
"unknown-R11","dnT_2",0,0,0,37,-0.474264378785312,37,1,0.499999986486487,"AddModuleScore","WP",TRUE,"gmm_dist_platelet"
"unknown-R11","gdT_1",0,37,0,1300,0.034094711485453,1337,0.972326103216156,0.486163051244455,"AddModuleScore","WP",TRUE,"gmm_dist_platelet"
"unknown-R11","gdT_2",0,45,0,503,0.153877869861337,548,0.917883211678832,0.458941605001931,"AddModuleScore","WP",TRUE,"gmm_dist_platelet"
"unknown-R11","gdT_3",0,0,0,487,-0.403312110745264,487,1,0.499999998973306,"AddModuleScore","WP",TRUE,"gmm_dist_platelet"
"unknown-R11","gdT_4",0,23,0,373,0.0934066682273608,396,0.941919191919192,0.470959594770304,"AddModuleScore","WP",TRUE,"gmm_dist_platelet"
"unknown-R13","CD4 CTL",0,1,0,64,-0.0600880963104781,65,0.984615384615385,0.492307684733728,"AddModuleScore","WP",TRUE,"gmm_dist_platelet"
"unknown-R13","CD4 Naive",0,0,0,1,-0.571978536160212,1,1,0.4999995000005,"AddModuleScore","WP",TRUE,"gmm_dist_platelet"
"unknown-R13","CD4 TCM_1",0,0,0,2,-0.438612078365013,2,1,0.499999750000125,"AddModuleScore","WP",TRUE,"gmm_dist_platelet"
"unknown-R13","CD4 TCM_3",0,0,0,1,-0.11515371631117,1,1,0.4999995000005,"AddModuleScore","WP",TRUE,"gmm_dist_platelet"
"unknown-R13","CD4 TEM_1",0,0,0,5,-0.190146917119688,5,1,0.49999990000002,"AddModuleScore","WP",TRUE,"gmm_dist_platelet"
"unknown-R13","CD4 TEM_3",0,0,0,2,-0.453904543469379,2,1,0.499999750000125,"AddModuleScore","WP",TRUE,"gmm_dist_platelet"
"unknown-R13","CD4 TEM_4",0,0,0,1,0.0217975676655302,1,1,0.4999995000005,"AddModuleScore","WP",TRUE,"gmm_dist_platelet"
"unknown-R13","CD8 Naive",0,0,0,62,-0.503452118997167,62,1,0.499999991935484,"AddModuleScore","WP",TRUE,"gmm_dist_platelet"
"unknown-R13","CD8 Naive_2",0,0,0,2,-0.428384833496726,2,1,0.499999750000125,"AddModuleScore","WP",TRUE,"gmm_dist_platelet"
"unknown-R13","CD8 TCM_1",0,0,0,3,-0.221745224829311,3,1,0.499999833333389,"AddModuleScore","WP",TRUE,"gmm_dist_platelet"
"unknown-R13","CD8 TCM_2",0,0,0,55,-0.466123593942333,55,1,0.499999990909091,"AddModuleScore","WP",TRUE,"gmm_dist_platelet"
"unknown-R13","CD8 TCM_3",0,0,0,4,0.0636274327565873,4,1,0.499999875000031,"AddModuleScore","WP",TRUE,"gmm_dist_platelet"
"unknown-R13","CD8 TEM_1",0,0,0,23,0.0583340991481632,23,1,0.499999978260871,"AddModuleScore","WP",TRUE,"gmm_dist_platelet"
"unknown-R13","CD8 TEM_2",0,0,0,15,0.15671763260145,15,1,0.499999966666669,"AddModuleScore","WP",TRUE,"gmm_dist_platelet"
"unknown-R13","CD8 TEM_3",0,0,0,3,-0.122584297239243,3,1,0.499999833333389,"AddModuleScore","WP",TRUE,"gmm_dist_platelet"
"unknown-R13","CD8 TEM_4",0,1,0,43,0.0476321108819222,44,0.977272727272727,0.488636352530992,"AddModuleScore","WP",TRUE,"gmm_dist_platelet"
"unknown-R13","CD8 TEM_5",0,0,0,3,-0.00082236411076569,3,1,0.499999833333389,"AddModuleScore","WP",TRUE,"gmm_dist_platelet"
"unknown-R13","CD8 TEM_6",0,0,0,1,0.0144891398296523,1,1,0.4999995000005,"AddModuleScore","WP",TRUE,"gmm_dist_platelet"
"unknown-R13","MAIT",0,0,0,99,-0.120854172485735,99,1,0.499999994949495,"AddModuleScore","WP",TRUE,"gmm_dist_platelet"
"unknown-R13","NK_2",0,0,0,1,0.328114639814694,1,1,0.4999995000005,"AddModuleScore","WP",TRUE,"gmm_dist_platelet"
"unknown-R13","NK_4",0,0,0,1,0.0548525827411148,1,1,0.4999995000005,"AddModuleScore","WP",TRUE,"gmm_dist_platelet"
"unknown-R13","Platelet",0,0,0,1,-0.103450111049705,1,1,0.4999995000005,"AddModuleScore","WP",TRUE,"gmm_dist_platelet"
"unknown-R13","Treg Naive",0,0,0,1,-0.431238589982574,1,1,0.4999995000005,"AddModuleScore","WP",TRUE,"gmm_dist_platelet"
"unknown-R16","CD4 Naive",0,0,0,1,-0.602632132052586,1,1,0.4999995000005,"AddModuleScore","WP",TRUE,"gmm_dist_platelet"
"unknown-R16","CD8 Naive",0,0,0,3,-0.553241624453337,3,1,0.499999833333389,"AddModuleScore","WP",TRUE,"gmm_dist_platelet"
"unknown-R16","Treg Naive",0,0,0,1,-0.637767795278509,1,1,0.4999995000005,"AddModuleScore","WP",TRUE,"gmm_dist_platelet"
"unknown-R16","gdT_1",0,0,0,1,-0.199082586536728,1,1,0.4999995000005,"AddModuleScore","WP",TRUE,"gmm_dist_platelet"
"unknown-R40","CD16 Mono",0,0,0,1,-0.257758958224533,1,1,0.4999995000005,"AddModuleScore","WP",TRUE,"gmm_dist_platelet"
"unknown-Singlets","B intermediate kappa",0,0,0,5,-0.412745252710014,5,1,0.49999990000002,"AddModuleScore","WP",TRUE,"gmm_dist_platelet"
"unknown-Singlets","B intermediate lambda",0,0,0,6,-0.781756888886085,6,1,0.499999916666681,"AddModuleScore","WP",TRUE,"gmm_dist_platelet"
"unknown-Singlets","B memory kappa",0,0,0,9,-0.506734780081922,9,1,0.499999944444451,"AddModuleScore","WP",TRUE,"gmm_dist_platelet"
"unknown-Singlets","B memory lambda",0,0,0,4,-0.530910070439095,4,1,0.499999875000031,"AddModuleScore","WP",TRUE,"gmm_dist_platelet"
"unknown-Singlets","B naive kappa",0,0,0,18,-0.52887875601486,18,1,0.499999972222224,"AddModuleScore","WP",TRUE,"gmm_dist_platelet"
"unknown-Singlets","B naive lambda",0,0,0,11,-0.382757697516904,11,1,0.499999954545459,"AddModuleScore","WP",TRUE,"gmm_dist_platelet"
"unknown-Singlets","CD14 Mono",0,4,0,22,0.00723538369848683,26,0.846153846153846,0.423076906804734,"AddModuleScore","WP",TRUE,"gmm_dist_platelet"
"unknown-Singlets","CD16 Mono",0,0,0,6,-0.378363494726943,6,1,0.499999916666681,"AddModuleScore","WP",TRUE,"gmm_dist_platelet"
"unknown-Singlets","CD4 CTL",0,1,0,0,0.830433358681508,1,0,0,"AddModuleScore","WP",TRUE,"gmm_dist_platelet"
"unknown-Singlets","CD4 Naive",0,0,0,6,-0.560622215477144,6,1,0.499999916666681,"AddModuleScore","WP",TRUE,"gmm_dist_platelet"
"unknown-Singlets","CD4 TCM_1",0,0,0,5,-0.385352442023593,5,1,0.49999990000002,"AddModuleScore","WP",TRUE,"gmm_dist_platelet"
"unknown-Singlets","CD4 TCM_2",0,0,0,2,-0.590473492428695,2,1,0.499999750000125,"AddModuleScore","WP",TRUE,"gmm_dist_platelet"
"unknown-Singlets","CD4 TCM_3",0,0,0,4,-0.305732861952853,4,1,0.499999875000031,"AddModuleScore","WP",TRUE,"gmm_dist_platelet"
"unknown-Singlets","CD4 TEM_3",0,0,0,4,-0.258280639547731,4,1,0.499999875000031,"AddModuleScore","WP",TRUE,"gmm_dist_platelet"
"unknown-Singlets","CD8 Naive",0,0,0,4,-0.567227726393707,4,1,0.499999875000031,"AddModuleScore","WP",TRUE,"gmm_dist_platelet"
"unknown-Singlets","CD8 TCM_1",0,0,0,2,-0.0165980711374749,2,1,0.499999750000125,"AddModuleScore","WP",TRUE,"gmm_dist_platelet"
"unknown-Singlets","CD8 TCM_2",0,0,0,1,-0.487917976641859,1,1,0.4999995000005,"AddModuleScore","WP",TRUE,"gmm_dist_platelet"
"unknown-Singlets","CD8 TEM_1",0,0,0,6,0.00211594879178167,6,1,0.499999916666681,"AddModuleScore","WP",TRUE,"gmm_dist_platelet"
"unknown-Singlets","CD8 TEM_2",0,0,0,1,0.147323330026263,1,1,0.4999995000005,"AddModuleScore","WP",TRUE,"gmm_dist_platelet"
"unknown-Singlets","CD8 TEM_4",0,0,0,1,0.500290373421353,1,1,0.4999995000005,"AddModuleScore","WP",TRUE,"gmm_dist_platelet"
"unknown-Singlets","CD8 TEM_6",0,0,0,2,0.189968228236296,2,1,0.499999750000125,"AddModuleScore","WP",TRUE,"gmm_dist_platelet"
"unknown-Singlets","Doublet",0,1,0,2,1.14947938677349,3,0.666666666666667,0.333333222222259,"AddModuleScore","WP",TRUE,"gmm_dist_platelet"
"unknown-Singlets","MAIT",0,0,0,2,-0.137641596897016,2,1,0.499999750000125,"AddModuleScore","WP",TRUE,"gmm_dist_platelet"
"unknown-Singlets","NK_1",0,0,0,7,0.233439679934902,7,1,0.499999928571439,"AddModuleScore","WP",TRUE,"gmm_dist_platelet"
"unknown-Singlets","NK_2",0,0,0,5,0.149510969763126,5,1,0.49999990000002,"AddModuleScore","WP",TRUE,"gmm_dist_platelet"
"unknown-Singlets","Platelet",0,2,0,0,4.09929689623647,2,0,0,"AddModuleScore","WP",TRUE,"gmm_dist_platelet"
"unknown-Singlets","Treg Memory",0,0,0,1,-0.402509328000181,1,1,0.4999995000005,"AddModuleScore","WP",TRUE,"gmm_dist_platelet"
"unknown-Singlets","Treg Naive",0,0,0,1,-0.555140595241265,1,1,0.4999995000005,"AddModuleScore","WP",TRUE,"gmm_dist_platelet"
"unknown-Singlets","cDC2_2",0,0,0,1,-0.980488334891224,1,1,0.4999995000005,"AddModuleScore","WP",TRUE,"gmm_dist_platelet"
"unknown-Singlets","gdT_2",0,0,0,1,-0.202934163314331,1,1,0.4999995000005,"AddModuleScore","WP",TRUE,"gmm_dist_platelet"
"unknown-Singlets","gdT_4",0,0,0,1,-0.0203854905657077,1,1,0.4999995000005,"AddModuleScore","WP",TRUE,"gmm_dist_platelet"
"unknown-nonBcells","CD4 Naive",0,0,0,5,-0.591338370719846,5,1,0.49999990000002,"AddModuleScore","WP",TRUE,"gmm_dist_platelet"
"unknown-nonBcells","CD4 TCM_1",0,0,0,1,-0.78787553260544,1,1,0.4999995000005,"AddModuleScore","WP",TRUE,"gmm_dist_platelet"
"unknown-nonBcells","CD4 TCM_3",0,0,0,3,-0.680753367025802,3,1,0.499999833333389,"AddModuleScore","WP",TRUE,"gmm_dist_platelet"
"unknown-nonBcells","CD8 Naive",0,0,0,3,-0.402959917871779,3,1,0.499999833333389,"AddModuleScore","WP",TRUE,"gmm_dist_platelet"
"unknown-nonBcells","CD8 TCM_1",0,0,0,1,0.0626644339524568,1,1,0.4999995000005,"AddModuleScore","WP",TRUE,"gmm_dist_platelet"
"unknown-nonBcells","CD8 TEM_1",0,0,0,2,0.177337557016049,2,1,0.499999750000125,"AddModuleScore","WP",TRUE,"gmm_dist_platelet"
"unknown-nonBcells","CD8 TEM_2",0,0,0,1,-0.105104985392492,1,1,0.4999995000005,"AddModuleScore","WP",TRUE,"gmm_dist_platelet"
"unknown-nonBcells","Doublet",0,0,0,8,-0.399981078875087,8,1,0.499999937500008,"AddModuleScore","WP",TRUE,"gmm_dist_platelet"
"unknown-nonBcells","MAIT",0,0,0,2,0.0146398847531216,2,1,0.499999750000125,"AddModuleScore","WP",TRUE,"gmm_dist_platelet"
"unknown-nonBcells","gdT_2",0,0,0,1,-0.15083496046074,1,1,0.4999995000005,"AddModuleScore","WP",TRUE,"gmm_dist_platelet"
"unknown-nonBcells-nonMonocytes","NK_1",0,0,0,1,-0.230191384436888,1,1,0.4999995000005,"AddModuleScore","WP",TRUE,"gmm_dist_platelet"
"unknown-nonBcells-nonMonocytes","NK_3",0,0,0,1,0.0856384873525706,1,1,0.4999995000005,"AddModuleScore","WP",TRUE,"gmm_dist_platelet"
"unknown-nonBcells-nonMonocytes","NK_4",0,0,0,4,-0.256397545756955,4,1,0.499999875000031,"AddModuleScore","WP",TRUE,"gmm_dist_platelet"
"unknown-nonBcells-nonMonocytes","NK_CD56bright",0,0,0,47,-0.378423135172984,47,1,0.499999989361702,"AddModuleScore","WP",TRUE,"gmm_dist_platelet"
"unknown-nonBcells-nonMonocytes","Platelet",0,1,0,0,1.69271972131251,1,0,0,"AddModuleScore","WP",TRUE,"gmm_dist_platelet"
"unknown-nonBcells-nonMonocytes","cDC2_2",0,0,0,2,-0.619072773233198,2,1,0.499999750000125,"AddModuleScore","WP",TRUE,"gmm_dist_platelet"
"unknown-nonTcell-nonNKcell","ASDC_mDC",0,0,0,4,-0.745961958239694,4,1,0.499999875000031,"AddModuleScore","WP",TRUE,"gmm_dist_platelet"
"unknown-nonTcell-nonNKcell","ASDC_pDC",0,0,0,2,-0.77536479311131,2,1,0.499999750000125,"AddModuleScore","WP",TRUE,"gmm_dist_platelet"
"unknown-nonTcell-nonNKcell","B memory kappa",0,0,0,2,-0.618849581345199,2,1,0.499999750000125,"AddModuleScore","WP",TRUE,"gmm_dist_platelet"
"unknown-nonTcell-nonNKcell","B memory lambda",0,0,0,1,-0.292869013174599,1,1,0.4999995000005,"AddModuleScore","WP",TRUE,"gmm_dist_platelet"
"unknown-nonTcell-nonNKcell","B naive kappa",0,0,0,2,-0.468126190273655,2,1,0.499999750000125,"AddModuleScore","WP",TRUE,"gmm_dist_platelet"
"unknown-nonTcell-nonNKcell","CD14 Mono",0,242,0,726,0.319337024357691,968,0.75,0.374999999612603,"AddModuleScore","WP",TRUE,"gmm_dist_platelet"
"unknown-nonTcell-nonNKcell","CD16 Mono",0,4,0,41,-0.136400955888382,45,0.911111111111111,0.455555545432099,"AddModuleScore","WP",TRUE,"gmm_dist_platelet"
"unknown-nonTcell-nonNKcell","CD4 CTL",0,1,0,11,0.153449633283709,12,0.916666666666667,0.458333295138892,"AddModuleScore","WP",TRUE,"gmm_dist_platelet"
"unknown-nonTcell-nonNKcell","CD4 Naive",0,0,0,74,-0.329428507554242,74,1,0.499999993243243,"AddModuleScore","WP",TRUE,"gmm_dist_platelet"
"unknown-nonTcell-nonNKcell","CD4 TCM_1",0,1,0,160,-0.325779593440181,161,0.993788819875776,0.496894406851588,"AddModuleScore","WP",TRUE,"gmm_dist_platelet"
"unknown-nonTcell-nonNKcell","CD4 TCM_2",0,0,0,5,-0.452836137750975,5,1,0.49999990000002,"AddModuleScore","WP",TRUE,"gmm_dist_platelet"
"unknown-nonTcell-nonNKcell","CD4 TCM_3",0,2,0,164,-0.332007139448223,166,0.987951807228916,0.493975900638699,"AddModuleScore","WP",TRUE,"gmm_dist_platelet"
"unknown-nonTcell-nonNKcell","CD4 TEM_1",0,0,0,57,-0.192752905063725,57,1,0.49999999122807,"AddModuleScore","WP",TRUE,"gmm_dist_platelet"
"unknown-nonTcell-nonNKcell","CD4 TEM_2",0,0,0,7,-0.171922063776152,7,1,0.499999928571439,"AddModuleScore","WP",TRUE,"gmm_dist_platelet"
"unknown-nonTcell-nonNKcell","CD4 TEM_3",0,0,0,32,-0.182759793934955,32,1,0.499999984375001,"AddModuleScore","WP",TRUE,"gmm_dist_platelet"
"unknown-nonTcell-nonNKcell","CD8 Naive",0,0,0,40,-0.401518703751871,40,1,0.4999999875,"AddModuleScore","WP",TRUE,"gmm_dist_platelet"
"unknown-nonTcell-nonNKcell","CD8 Naive_2",0,0,0,2,0.206449395734469,2,1,0.499999750000125,"AddModuleScore","WP",TRUE,"gmm_dist_platelet"
"unknown-nonTcell-nonNKcell","CD8 TCM_1",0,0,0,15,-0.150309970697931,15,1,0.499999966666669,"AddModuleScore","WP",TRUE,"gmm_dist_platelet"
"unknown-nonTcell-nonNKcell","CD8 TCM_2",0,0,0,45,-0.3423189179866,45,1,0.499999988888889,"AddModuleScore","WP",TRUE,"gmm_dist_platelet"
"unknown-nonTcell-nonNKcell","CD8 TCM_3",0,0,0,8,-0.0670873786919281,8,1,0.499999937500008,"AddModuleScore","WP",TRUE,"gmm_dist_platelet"
"unknown-nonTcell-nonNKcell","CD8 TEM_1",0,4,0,68,0.0667940626022421,72,0.944444444444444,0.47222221566358,"AddModuleScore","WP",TRUE,"gmm_dist_platelet"
"unknown-nonTcell-nonNKcell","CD8 TEM_2",0,3,0,37,0.141205824580504,40,0.925,0.4624999884375,"AddModuleScore","WP",TRUE,"gmm_dist_platelet"
"unknown-nonTcell-nonNKcell","CD8 TEM_3",0,1,0,13,0.0998325276912313,14,0.928571428571429,0.464285681122451,"AddModuleScore","WP",TRUE,"gmm_dist_platelet"
"unknown-nonTcell-nonNKcell","CD8 TEM_4",0,3,0,48,0.135268635608871,51,0.941176470588235,0.470588226066898,"AddModuleScore","WP",TRUE,"gmm_dist_platelet"
"unknown-nonTcell-nonNKcell","CD8 TEM_5",0,1,0,17,0.175994132363938,18,0.944444444444444,0.472222195987656,"AddModuleScore","WP",TRUE,"gmm_dist_platelet"
"unknown-nonTcell-nonNKcell","CD8 TEM_6",0,1,0,31,-0.235938505608033,32,0.96875,0.484374984863282,"AddModuleScore","WP",TRUE,"gmm_dist_platelet"
"unknown-nonTcell-nonNKcell","Doublet",0,2,0,5,0.191268591353456,7,0.714285714285714,0.357142806122456,"AddModuleScore","WP",TRUE,"gmm_dist_platelet"
"unknown-nonTcell-nonNKcell","Eryth",0,0,0,2,0.166529309787039,2,1,0.499999750000125,"AddModuleScore","WP",TRUE,"gmm_dist_platelet"
"unknown-nonTcell-nonNKcell","HSPC",0,0,0,92,-0.509960993320905,92,1,0.499999994565217,"AddModuleScore","WP",TRUE,"gmm_dist_platelet"
"unknown-nonTcell-nonNKcell","ILC",0,0,0,24,-0.410692247270904,24,1,0.499999979166667,"AddModuleScore","WP",TRUE,"gmm_dist_platelet"
"unknown-nonTcell-nonNKcell","MAIT",0,0,0,52,-0.0706744736282418,52,1,0.499999990384616,"AddModuleScore","WP",TRUE,"gmm_dist_platelet"
"unknown-nonTcell-nonNKcell","NK Proliferating",0,0,0,20,-0.3865143329946,20,1,0.499999975000001,"AddModuleScore","WP",TRUE,"gmm_dist_platelet"
"unknown-nonTcell-nonNKcell","NK_1",0,31,0,376,0.164733704920481,407,0.923832923832924,0.461916460781532,"AddModuleScore","WP",TRUE,"gmm_dist_platelet"
"unknown-nonTcell-nonNKcell","NK_2",0,17,0,132,0.143798430990928,149,0.885906040268456,0.442953017161389,"AddModuleScore","WP",TRUE,"gmm_dist_platelet"
"unknown-nonTcell-nonNKcell","NK_3",0,5,0,81,0.0962738918139125,86,0.941860465116279,0.470930227082207,"AddModuleScore","WP",TRUE,"gmm_dist_platelet"
"unknown-nonTcell-nonNKcell","NK_4",0,2,0,61,-0.199952785445772,63,0.968253968253968,0.484126976442429,"AddModuleScore","WP",TRUE,"gmm_dist_platelet"
"unknown-nonTcell-nonNKcell","NK_CD56bright",0,0,0,64,-0.342260482794415,64,1,0.4999999921875,"AddModuleScore","WP",TRUE,"gmm_dist_platelet"
"unknown-nonTcell-nonNKcell","Platelet",0,386,0,4,7.28836846827518,390,0.0102564102564103,0.00512820511505588,"AddModuleScore","WP",TRUE,"gmm_dist_platelet"
"unknown-nonTcell-nonNKcell","Treg Memory",0,0,0,19,-0.394212477185866,19,1,0.499999973684212,"AddModuleScore","WP",TRUE,"gmm_dist_platelet"
"unknown-nonTcell-nonNKcell","Treg Naive",0,0,0,6,-0.408922176111733,6,1,0.499999916666681,"AddModuleScore","WP",TRUE,"gmm_dist_platelet"
"unknown-nonTcell-nonNKcell","cDC1",0,0,0,50,-0.603702113158062,50,1,0.49999999,"AddModuleScore","WP",TRUE,"gmm_dist_platelet"
"unknown-nonTcell-nonNKcell","cDC2_1",0,1,0,20,-0.36882899403089,21,0.952380952380952,0.47619045351474,"AddModuleScore","WP",TRUE,"gmm_dist_platelet"
"unknown-nonTcell-nonNKcell","cDC2_2",0,0,0,95,-0.595912414112081,95,1,0.499999994736842,"AddModuleScore","WP",TRUE,"gmm_dist_platelet"
"unknown-nonTcell-nonNKcell","gdT_2",0,0,0,1,0.274225752929509,1,1,0.4999995000005,"AddModuleScore","WP",TRUE,"gmm_dist_platelet"
"unknown-nonTcell-nonNKcell","gdT_3",0,0,0,12,-0.437781177493544,12,1,0.499999958333337,"AddModuleScore","WP",TRUE,"gmm_dist_platelet"
"unknown-nonTcell-nonNKcell","gdT_4",0,0,0,2,0.0267758894808242,2,1,0.499999750000125,"AddModuleScore","WP",TRUE,"gmm_dist_platelet"
"unknown-nonTcell-nonNKcell","pDC",0,5,0,37,-0.283262575522517,42,0.880952380952381,0.440476179988662,"AddModuleScore","WP",TRUE,"gmm_dist_platelet"
"unknown-noncDCs","CD4 Naive",0,0,0,1,-0.329228270013844,1,1,0.4999995000005,"AddModuleScore","WP",TRUE,"gmm_dist_platelet"
"unknown-noncDCs","CD4 TCM_1",0,0,0,1,-0.622779713959536,1,1,0.4999995000005,"AddModuleScore","WP",TRUE,"gmm_dist_platelet"
"unknown-noncDCs","CD4 TCM_3",0,0,0,1,-0.433089182369918,1,1,0.4999995000005,"AddModuleScore","WP",TRUE,"gmm_dist_platelet"
"unknown-noncDCs","CD4 TEM_3",0,0,0,2,-0.112144602878674,2,1,0.499999750000125,"AddModuleScore","WP",TRUE,"gmm_dist_platelet"
"unknown-noncDCs","CD8 TEM_6",0,0,0,1,0.0440416546610133,1,1,0.4999995000005,"AddModuleScore","WP",TRUE,"gmm_dist_platelet"
"unknown-noncDCs","MAIT",0,0,0,1,-0.583624841480175,1,1,0.4999995000005,"AddModuleScore","WP",TRUE,"gmm_dist_platelet"
"unknown-noncDCs","NK_4",0,0,0,1,-0.329585206179126,1,1,0.4999995000005,"AddModuleScore","WP",TRUE,"gmm_dist_platelet"
"unknown-noncDCs","NK_CD56bright",0,1,0,37,-0.307856578020374,38,0.973684210526316,0.486842092451524,"AddModuleScore","WP",TRUE,"gmm_dist_platelet"
"unknown-noncDCs","Treg Naive",0,0,0,2,-0.541448219554056,2,1,0.499999750000125,"AddModuleScore","WP",TRUE,"gmm_dist_platelet"
